1.4161e+09,49.985,30.0
1.4161e+09,49.9687,30.0
1.4161e+09,49.9784,30.0
1.4161e+09,49.7895,30.0
1.4161e+09,49.7396,30.0
1.41611e+09,49.635,30.0
1.41611e+09,49.4816,30.0
1.41611e+09,49.4984,30.0
1.41611e+09,49.5055,30.0
1.41611e+09,49.4782,30.0
1.41612e+09,49.4742,30.0
1.41612e+09,49.5605,30.0
1.41612e+09,49.6119,30.0
1.41612e+09,49.6474,30.0
1.41612e+09,49.6091,30.0
1.41612e+09,49.483,30.0
1.41613e+09,49.4421,30.0
1.41613e+09,49.4684,30.0
1.41613e+09,49.3608,30.0
1.41613e+09,49.4225,30.0
1.41613e+09,49.2906,30.0
1.41614e+09,49.174,30.0
1.41614e+09,49.2639,30.0
1.41614e+09,49.348,30.0
1.41614e+09,49.356,30.0
1.41614e+09,49.37,30.0
1.41614e+09,49.3333,30.0
1.41615e+09,49.2095,30.0
1.41615e+09,49.118,30.0
1.41615e+09,49.1561,30.0
1.41615e+09,49.2135,30.0
1.41615e+09,49.3667,30.0
1.41616e+09,49.5121,30.0
1.41616e+09,49.4019,30.0
1.41616e+09,49.4224,30.0
1.41616e+09,49.523,30.0
1.41616e+09,49.461,30.0
1.41616e+09,49.4952,30.0
1.41617e+09,49.4686,30.0
1.41617e+09,49.486,30.0
1.41617e+09,49.5341,30.0
1.41617e+09,49.4892,30.0
1.41617e+09,49.4926,30.0
1.41618e+09,49.4581,30.0
1.41618e+09,49.3749,30.0
1.41618e+09,49.5129,30.0
1.41618e+09,49.6516,30.0
1.41618e+09,49.5248,30.0
1.41618e+09,49.4917,30.0
1.41619e+09,49.3828,30.0
1.41619e+09,49.4508,30.0
1.41619e+09,49.4623,30.0
1.41619e+09,49.5308,30.0
1.41619e+09,49.4019,30.0
1.41619e+09,49.4876,30.0
1.4162e+09,49.6158,30.0
1.4162e+09,49.5461,30.0
1.4162e+09,49.5879,30.0
1.4162e+09,49.7224,30.0
1.4162e+09,49.6411,30.0
1.41621e+09,49.7472,30.0
1.41621e+09,49.7336,30.0
1.41621e+09,49.4994,30.0
1.41621e+09,49.4872,30.0
1.41621e+09,49.5659,30.0
1.41621e+09,49.5546,30.0
1.41622e+09,49.5616,30.0
1.41622e+09,49.5544,30.0
1.41622e+09,49.4983,30.0
1.41622e+09,49.5131,30.0
1.41622e+09,49.3638,30.0
1.41623e+09,49.3725,30.0
1.41623e+09,49.2585,30.0
1.41623e+09,49.2336,30.0
1.41623e+09,49.2809,30.0
1.41623e+09,49.3104,30.0
1.41623e+09,49.3693,30.0
1.41624e+09,49.2106,30.0
1.41624e+09,49.1615,30.0
1.41624e+09,49.1747,30.0
1.41624e+09,49.0661,30.0
1.41624e+09,49.0195,30.0
1.41625e+09,49.098,30.0
1.41625e+09,49.1579,30.0
1.41625e+09,49.1616,30.0
1.41625e+09,49.1858,30.0
1.41625e+09,49.2101,30.0
1.41625e+09,49.1634,30.0
1.41626e+09,49.2765,30.0
1.41626e+09,49.3047,30.0
1.41626e+09,49.2286,30.0
1.41626e+09,49.252,30.0
1.41626e+09,49.2145,30.0
1.41627e+09,49.325,30.0
1.41627e+09,49.2971,30.0
1.41627e+09,49.3473,30.0
1.41627e+09,49.4237,30.0
1.41627e+09,49.3651,30.0
1.41627e+09,49.3745,30.0
1.41628e+09,49.2661,30.0
1.41628e+09,49.191,30.0
1.41628e+09,49.1377,30.0
1.41628e+09,49.2907,30.0
1.41628e+09,49.3863,30.0
1.41628e+09,49.3081,30.0
1.41629e+09,49.3303,30.0
1.41629e+09,49.3953,30.0
1.41629e+09,49.4297,30.0
1.41629e+09,49.4106,30.0
1.41629e+09,49.3519,30.0
1.4163e+09,49.3484,30.0
1.4163e+09,49.3004,30.0
1.4163e+09,49.2349,30.0
1.4163e+09,49.1811,30.0
1.4163e+09,49.1281,30.0
1.4163e+09,49.0656,30.0
1.41631e+09,49.0743,30.0
1.41631e+09,49.0653,30.0
1.41631e+09,49.0711,30.0
1.41631e+09,49.1082,30.0
1.41631e+09,49.1758,30.0
1.41632e+09,49.2778,30.0
1.41632e+09,49.2796,30.0
1.41632e+09,49.3556,30.0
1.41632e+09,49.3132,30.0
1.41632e+09,49.4619,30.0
1.41632e+09,49.4037,30.0
1.41633e+09,49.5588,30.0
1.41633e+09,49.4975,30.0
1.41633e+09,49.5664,30.0
1.41633e+09,49.6303,30.0
1.41633e+09,49.5062,30.0
1.41634e+09,49.4855,30.0
1.41634e+09,49.5551,30.0
1.41634e+09,49.5459,30.0
1.41634e+09,49.6666,30.0
1.41634e+09,49.5882,30.0
1.41634e+09,49.5172,30.0
1.41635e+09,49.3476,30.0
1.41635e+09,49.3722,30.0
1.41635e+09,49.2736,30.0
1.41635e+09,49.1742,30.0
1.41635e+09,49.1492,30.0
1.41636e+09,49.1856,30.0
1.41636e+09,49.2363,30.0
1.41636e+09,49.3482,30.0
1.41636e+09,49.4076,30.0
1.41636e+09,49.3899,30.0
1.41636e+09,49.2804,30.0
1.41637e+09,49.3704,30.0
1.41637e+09,49.4877,30.0
1.41637e+09,49.4312,30.0
1.41637e+09,49.2163,30.0
1.41637e+09,49.2159,30.0
1.41637e+09,49.2276,30.0
1.41638e+09,49.0656,30.0
1.41638e+09,49.1593,30.0
1.41638e+09,49.0959,30.0
1.41638e+09,49.2287,30.0
1.41638e+09,49.1667,30.0
1.41639e+09,49.1732,30.0
1.41639e+09,49.1219,30.0
1.41639e+09,49.1155,30.0
1.41639e+09,49.1823,30.0
1.41639e+09,49.1122,30.0
1.41639e+09,49.1136,30.0
1.4164e+09,49.0,30.0
1.4164e+09,49.0445,30.0
1.4164e+09,48.9686,30.0
1.4164e+09,48.9626,30.0
1.4164e+09,48.9572,30.0
1.41641e+09,48.8231,30.0
1.41641e+09,48.8552,30.0
1.41641e+09,48.9346,30.0
1.41641e+09,48.9859,30.0
1.41641e+09,48.9595,30.0
1.41641e+09,48.9876,30.0
1.41642e+09,48.9769,30.0
1.41642e+09,48.8157,30.0
1.41642e+09,48.8909,30.0
1.41642e+09,48.9018,30.0
1.41642e+09,48.9666,30.0
1.41643e+09,48.9987,30.0
1.41643e+09,49.1966,30.0
1.41643e+09,49.2226,30.0
1.41643e+09,49.2594,30.0
1.41643e+09,49.3634,30.0
1.41643e+09,49.2829,30.0
1.41644e+09,49.4049,30.0
1.41644e+09,49.379,30.0
1.41644e+09,49.2971,30.0
1.41644e+09,49.2826,30.0
1.41644e+09,49.1123,30.0
1.41645e+09,49.2885,30.0
1.41645e+09,49.2644,30.0
1.41645e+09,49.1999,30.0
1.41645e+09,49.2045,30.0
1.41645e+09,49.1879,30.0
1.41645e+09,49.2099,30.0
1.41646e+09,49.2984,30.0
1.41646e+09,49.2612,30.0
1.41646e+09,49.2795,30.0
1.41646e+09,49.2168,30.0
1.41646e+09,49.2277,30.0
1.41646e+09,49.418,30.0
1.41647e+09,49.3447,30.0
1.41647e+09,49.3623,30.0
1.41647e+09,49.2915,30.0
1.41647e+09,49.1785,30.0
1.41647e+09,49.1194,30.0
1.41648e+09,49.1871,30.0
1.41648e+09,49.2001,30.0
1.41648e+09,49.3224,30.0
1.41648e+09,49.5462,30.0
1.41648e+09,49.5012,30.0
1.41648e+09,49.3382,30.0
1.41649e+09,49.3329,30.0
1.41649e+09,49.2969,30.0
1.41649e+09,49.2063,30.0
1.41649e+09,49.2985,30.0
1.41649e+09,49.3297,30.0
1.4165e+09,49.421,30.0
1.4165e+09,49.5266,30.0
1.4165e+09,49.5587,30.0
1.4165e+09,49.5856,30.0
1.4165e+09,49.6349,30.0
1.4165e+09,49.7764,30.0
1.41651e+09,49.6826,30.0
1.41651e+09,49.5767,30.0
1.41651e+09,49.627,30.0
1.41651e+09,49.5416,30.0
1.41651e+09,49.5323,30.0
1.41652e+09,49.4738,30.0
1.41652e+09,49.5674,30.0
1.41652e+09,49.4619,30.0
1.41652e+09,49.5054,30.0
1.41652e+09,49.527,30.0
1.41652e+09,49.3082,30.0
1.41653e+09,49.3793,30.0
1.41653e+09,49.2779,30.0
1.41653e+09,49.2841,30.0
1.41653e+09,49.1707,30.0
1.41653e+09,49.1155,30.0
1.41654e+09,49.1228,30.0
1.41654e+09,49.0878,30.0
1.41654e+09,49.1001,30.0
1.41654e+09,49.0528,30.0
1.41654e+09,49.027,30.0
1.41654e+09,48.8612,30.0
1.41655e+09,48.9104,30.0
1.41655e+09,49.0038,30.0
1.41655e+09,49.017,30.0
1.41655e+09,49.0656,30.0
1.41655e+09,49.0869,30.0
1.41655e+09,48.9759,30.0
1.41656e+09,48.9963,30.0
1.41656e+09,48.983,30.0
1.41656e+09,49.0338,30.0
1.41656e+09,49.0567,30.0
1.41656e+09,49.0643,30.0
1.41657e+09,48.9198,30.0
1.41657e+09,49.0273,30.0
1.41657e+09,49.0108,30.0
1.41657e+09,49.0447,30.0
1.41657e+09,49.0921,30.0
1.41657e+09,49.15,30.0
1.41658e+09,49.0693,30.0
1.41658e+09,49.0409,30.0
1.41658e+09,48.9968,30.0
1.41658e+09,49.0072,30.0
1.41658e+09,49.0611,30.0
1.41659e+09,48.9851,30.0
1.41659e+09,49.0327,30.0
1.41659e+09,49.0387,30.0
1.41659e+09,48.9239,30.0
1.41659e+09,49.0406,30.0
1.41659e+09,49.0849,30.0
1.4166e+09,49.0976,30.0
1.4166e+09,49.1749,30.0
1.4166e+09,49.0866,30.0
1.4166e+09,49.1128,30.0
1.4166e+09,49.0791,30.0
1.41661e+09,49.3092,30.0
1.41661e+09,49.2457,30.0
1.41661e+09,49.2823,30.0
1.41661e+09,49.1704,30.0
1.41661e+09,49.1139,30.0
1.41661e+09,49.1761,30.0
1.41662e+09,49.2554,30.0
1.41662e+09,49.3812,30.0
1.41662e+09,49.311,30.0
1.41662e+09,49.2007,30.0
1.41662e+09,49.2528,30.0
1.41663e+09,49.2674,30.0
1.41663e+09,49.2381,30.0
1.41663e+09,49.3348,30.0
1.41663e+09,49.3441,30.0
1.41663e+09,49.3681,30.0
1.41663e+09,49.4218,30.0
1.41664e+09,49.4102,30.0
1.41664e+09,49.3686,30.0
1.41664e+09,49.3746,30.0
1.41664e+09,49.3898,30.0
1.41664e+09,49.2744,30.0
1.41664e+09,49.298,30.0
1.41665e+09,49.1524,30.0
1.41665e+09,49.1574,30.0
1.41665e+09,49.215,30.0
1.41665e+09,49.1604,30.0
1.41665e+09,49.1526,30.0
1.41666e+09,49.1375,30.0
1.41666e+09,49.2326,30.0
1.41666e+09,49.1911,30.0
1.41666e+09,49.2158,30.0
1.41666e+09,49.2022,30.0
1.41666e+09,49.1555,30.0
1.41667e+09,49.0403,30.0
1.41667e+09,49.0824,30.0
1.41667e+09,49.0667,30.0
1.41667e+09,49.0564,30.0
1.41667e+09,49.0924,30.0
1.41668e+09,49.1038,30.0
1.41668e+09,49.1657,30.0
1.41668e+09,48.8996,30.0
1.41668e+09,48.8611,30.0
1.41668e+09,48.8635,30.0
1.41668e+09,48.7892,30.0
1.41669e+09,48.6982,30.0
1.41669e+09,48.7947,30.0
1.41669e+09,48.7902,30.0
1.41669e+09,48.9305,30.0
1.41669e+09,48.8932,30.0
1.4167e+09,49.0757,30.0
1.4167e+09,49.1213,30.0
1.4167e+09,49.149,30.0
1.4167e+09,49.1982,30.0
1.4167e+09,49.2434,30.0
1.4167e+09,49.2945,30.0
1.41671e+09,49.3497,30.0
1.41671e+09,49.5162,30.0
1.41671e+09,49.5978,30.0
1.41671e+09,49.6833,30.0
1.41671e+09,49.6372,30.0
1.41672e+09,49.7529,30.0
1.41672e+09,49.7094,30.0
1.41672e+09,49.7411,30.0
1.41672e+09,50.0122,30.0
1.41672e+09,50.1336,30.0
1.41672e+09,50.1195,30.0
1.41673e+09,49.9663,30.0
1.41673e+09,50.0126,30.0
1.41673e+09,50.1071,30.0
1.41673e+09,50.2078,30.0
1.41673e+09,50.2204,30.0
1.41673e+09,50.0972,30.0
1.41674e+09,50.0131,30.0
1.41674e+09,49.993,30.0
1.41674e+09,49.9206,30.0
1.41674e+09,50.0141,30.0
1.41674e+09,49.9448,30.0
1.41675e+09,50.0222,30.0
1.41675e+09,49.9344,30.0
1.41675e+09,49.8789,30.0
1.41675e+09,49.8505,30.0
1.41675e+09,49.7914,30.0
1.41675e+09,49.8336,30.0
1.41676e+09,49.664,30.0
1.41676e+09,49.7814,30.0
1.41676e+09,49.9021,30.0
1.41676e+09,49.9604,30.0
1.41676e+09,50.0107,30.0
1.41677e+09,50.0385,30.0
1.41677e+09,50.1419,30.0
1.41677e+09,50.1847,30.0
1.41677e+09,50.4209,30.0
1.41677e+09,50.5,30.0
1.41677e+09,50.4783,30.0
1.41678e+09,50.4396,30.0
1.41678e+09,50.3361,30.0
1.41678e+09,50.1813,30.0
1.41678e+09,50.004,30.0
1.41678e+09,50.0097,30.0
1.41679e+09,50.0529,30.0
1.41679e+09,50.0425,30.0
1.41679e+09,50.0145,30.0
1.41679e+09,50.0426,30.0
1.41679e+09,49.9197,30.0
1.41679e+09,49.924,30.0
1.4168e+09,50.0601,30.0
1.4168e+09,49.9309,30.0
1.4168e+09,50.0992,30.0
1.4168e+09,50.002,30.0
1.4168e+09,49.9873,30.0
1.41681e+09,50.0422,30.0
1.41681e+09,49.9606,30.0
1.41681e+09,49.9501,30.0
1.41681e+09,49.9326,30.0
1.41681e+09,49.8836,30.0
1.41681e+09,49.7793,30.0
1.41682e+09,49.7174,30.0
1.41682e+09,49.7827,30.0
1.41682e+09,49.9029,30.0
1.41682e+09,49.953,30.0
1.41682e+09,50.0001,30.0
1.41682e+09,49.988,30.0
1.41683e+09,49.8988,30.0
1.41683e+09,49.9468,30.0
1.41683e+09,49.9577,30.0
1.41683e+09,50.0203,30.0
1.41683e+09,50.165,30.0
1.41684e+09,50.3604,30.0
1.41684e+09,50.2625,30.0
1.41684e+09,50.3018,30.0
1.41684e+09,50.2123,30.0
1.41684e+09,50.1854,30.0
1.41684e+09,50.2403,30.0
1.41685e+09,50.2083,30.0
1.41685e+09,50.187,30.0
1.41685e+09,50.2211,30.0
1.41685e+09,50.0151,30.0
1.41685e+09,49.908,30.0
1.41686e+09,49.741,30.0
1.41686e+09,49.8534,30.0
1.41686e+09,49.9435,30.0
1.41686e+09,49.9437,30.0
1.41686e+09,50.1753,30.0
1.41686e+09,50.3069,30.0
1.41687e+09,50.3621,30.0
1.41687e+09,50.3879,30.0
1.41687e+09,50.275,30.0
1.41687e+09,50.1916,30.0
1.41687e+09,50.1914,30.0
1.41688e+09,50.2205,30.0
1.41688e+09,50.1938,30.0
1.41688e+09,50.249,30.0
1.41688e+09,50.3601,30.0
1.41688e+09,50.3642,30.0
1.41688e+09,50.4503,30.0
1.41689e+09,50.5167,30.0
1.41689e+09,50.5399,30.0
1.41689e+09,50.6566,30.0
1.41689e+09,50.6245,30.0
1.41689e+09,50.8106,30.0
1.4169e+09,50.8244,30.0
1.4169e+09,51.0067,30.0
1.4169e+09,50.8712,30.0
1.4169e+09,50.849,30.0
1.4169e+09,50.7402,30.0
1.4169e+09,50.7662,30.0
1.41691e+09,50.8551,30.0
1.41691e+09,50.7994,30.0
1.41691e+09,50.8852,30.0
1.41691e+09,50.7085,30.0
1.41691e+09,50.6498,30.0
1.41691e+09,50.8323,30.0
1.41692e+09,50.8073,30.0
1.41692e+09,50.8567,30.0
1.41692e+09,50.9116,30.0
1.41692e+09,50.9965,30.0
1.41692e+09,51.0562,30.0
1.41693e+09,51.0338,30.0
1.41693e+09,50.9136,30.0
1.41693e+09,50.8067,30.0
1.41693e+09,50.7351,30.0
1.41693e+09,50.6584,30.0
1.41693e+09,50.5842,30.0
1.41694e+09,50.7157,30.0
1.41694e+09,50.7702,30.0
1.41694e+09,50.8839,30.0
1.41694e+09,50.8292,30.0
1.41694e+09,50.627,30.0
1.41695e+09,50.659,30.0
1.41695e+09,50.6402,30.0
1.41695e+09,50.5591,30.0
1.41695e+09,50.4692,30.0
1.41695e+09,50.4892,30.0
1.41695e+09,50.5339,30.0
1.41696e+09,50.6483,30.0
1.41696e+09,50.6259,30.0
1.41696e+09,50.3716,30.0
1.41696e+09,50.2721,30.0
1.41696e+09,50.1845,30.0
1.41697e+09,50.0557,30.0
1.41697e+09,50.0444,30.0
1.41697e+09,50.159,30.0
1.41697e+09,50.1294,30.0
1.41697e+09,50.1161,30.0
1.41697e+09,50.1878,30.0
1.41698e+09,50.166,30.0
1.41698e+09,50.1611,30.0
1.41698e+09,50.2309,30.0
1.41698e+09,50.1451,30.0
1.41698e+09,50.0631,30.0
1.41699e+09,49.9678,30.0
1.41699e+09,49.9886,30.0
1.41699e+09,50.0642,30.0
1.41699e+09,50.0473,30.0
1.41699e+09,50.2067,30.0
1.41699e+09,50.103,30.0
1.417e+09,50.1297,30.0
1.417e+09,50.0782,30.0
1.417e+09,50.1288,30.0
1.417e+09,50.07,30.0
1.417e+09,49.9737,30.0
1.417e+09,49.976,30.0
1.41701e+09,49.994,30.0
1.41701e+09,49.9873,30.0
1.41701e+09,50.0699,30.0
1.41701e+09,49.9325,30.0
1.41701e+09,49.9722,30.0
1.41702e+09,49.87,30.0
1.41702e+09,49.8124,30.0
1.41702e+09,49.9491,30.0
1.41702e+09,49.7486,30.0
1.41702e+09,49.7334,30.0
1.41702e+09,49.7815,30.0
1.41703e+09,49.7319,30.0
1.41703e+09,49.7169,30.0
1.41703e+09,49.6746,30.0
1.41703e+09,49.5799,30.0
1.41703e+09,49.5512,30.0
1.41704e+09,49.4699,30.0
1.41704e+09,49.3271,30.0
1.41704e+09,49.2816,30.0
1.41704e+09,49.3601,30.0
1.41704e+09,49.4207,30.0
1.41704e+09,49.3825,30.0
1.41705e+09,49.4341,30.0
1.41705e+09,49.4962,30.0
1.41705e+09,49.4875,30.0
1.41705e+09,49.5936,30.0
1.41705e+09,49.7895,30.0
1.41706e+09,49.734,30.0
1.41706e+09,49.8097,30.0
1.41706e+09,49.7683,30.0
1.41706e+09,49.5454,30.0
1.41706e+09,49.4969,30.0
1.41706e+09,49.3673,30.0
1.41707e+09,49.3165,30.0
1.41707e+09,49.2367,30.0
1.41707e+09,49.2084,30.0
1.41707e+09,49.2485,30.0
1.41707e+09,49.2252,30.0
1.41708e+09,49.1819,30.0
1.41708e+09,49.3129,30.0
1.41708e+09,49.3767,30.0
1.41708e+09,49.4789,30.0
1.41708e+09,49.4292,30.0
1.41708e+09,49.3911,30.0
1.41709e+09,49.4306,30.0
1.41709e+09,49.3518,30.0
1.41709e+09,49.437,30.0
1.41709e+09,49.3109,30.0
1.41709e+09,49.366,30.0
1.41709e+09,49.2706,30.0
1.4171e+09,49.2205,30.0
1.4171e+09,49.3144,30.0
1.4171e+09,49.4309,30.0
1.4171e+09,49.4216,30.0
1.4171e+09,49.3521,30.0
1.41711e+09,49.3848,30.0
1.41711e+09,49.2409,30.0
1.41711e+09,49.0225,30.0
1.41711e+09,49.1113,30.0
1.41711e+09,49.1002,30.0
1.41711e+09,49.3083,30.0
1.41712e+09,49.3298,30.0
1.41712e+09,49.402,30.0
1.41712e+09,49.382,30.0
1.41712e+09,49.283,30.0
1.41712e+09,49.2906,30.0
1.41713e+09,49.2506,30.0
1.41713e+09,49.1639,30.0
1.41713e+09,49.0501,30.0
1.41713e+09,49.0994,30.0
1.41713e+09,48.969,30.0
1.41713e+09,49.1008,30.0
1.41714e+09,49.0113,30.0
1.41714e+09,48.9969,30.0
1.41714e+09,49.123,30.0
1.41714e+09,49.0834,30.0
1.41714e+09,49.1386,30.0
1.41715e+09,49.0044,30.0
1.41715e+09,48.9156,30.0
1.41715e+09,48.9683,30.0
1.41715e+09,48.9494,30.0
1.41715e+09,48.9926,30.0
1.41715e+09,48.9357,30.0
1.41716e+09,48.9048,30.0
1.41716e+09,48.8836,30.0
1.41716e+09,48.804,30.0
1.41716e+09,48.899,30.0
1.41716e+09,48.9192,30.0
1.41717e+09,49.024,30.0
1.41717e+09,49.0266,30.0
1.41717e+09,49.1179,30.0
1.41717e+09,49.2039,30.0
1.41717e+09,49.2655,30.0
1.41717e+09,49.2723,30.0
1.41718e+09,49.3428,30.0
1.41718e+09,49.3635,30.0
1.41718e+09,49.3319,30.0
1.41718e+09,49.4375,30.0
1.41718e+09,49.5542,30.0
1.41718e+09,49.3923,30.0
1.41719e+09,49.1943,30.0
1.41719e+09,49.2499,30.0
1.41719e+09,49.307,30.0
1.41719e+09,49.3182,30.0
1.41719e+09,49.3701,30.0
1.4172e+09,49.295,30.0
1.4172e+09,49.3179,30.0
1.4172e+09,49.2301,30.0
1.4172e+09,49.2584,30.0
1.4172e+09,49.3133,30.0
1.4172e+09,49.217,30.0
1.41721e+09,49.0832,30.0
1.41721e+09,49.2919,30.0
1.41721e+09,49.2258,30.0
1.41721e+09,49.1804,30.0
1.41721e+09,49.1046,30.0
1.41722e+09,49.0921,30.0
1.41722e+09,49.0831,30.0
1.41722e+09,49.1083,30.0
1.41722e+09,49.0183,30.0
1.41722e+09,49.0324,30.0
1.41722e+09,49.0013,30.0
1.41723e+09,49.1046,30.0
1.41723e+09,49.039,30.0
1.41723e+09,48.8772,30.0
1.41723e+09,49.0217,30.0
1.41723e+09,48.9929,30.0
1.41724e+09,48.9401,30.0
1.41724e+09,49.0513,30.0
1.41724e+09,49.0292,30.0
1.41724e+09,49.0881,30.0
1.41724e+09,49.1772,30.0
1.41724e+09,49.2016,30.0
1.41725e+09,49.1609,30.0
1.41725e+09,49.2316,30.0
1.41725e+09,49.3617,30.0
1.41725e+09,49.4275,30.0
1.41725e+09,49.4483,30.0
1.41726e+09,49.44,30.0
1.41726e+09,49.4848,30.0
1.41726e+09,49.4866,30.0
1.41726e+09,49.4977,30.0
1.41726e+09,49.566,30.0
1.41726e+09,49.5933,30.0
1.41727e+09,49.5777,30.0
1.41727e+09,49.761,30.0
1.41727e+09,49.7533,30.0
1.41727e+09,49.6883,30.0
1.41727e+09,49.767,30.0
1.41727e+09,49.7747,30.0
1.41728e+09,49.7939,30.0
1.41728e+09,49.7695,30.0
1.41728e+09,49.7574,30.0
1.41728e+09,49.775,30.0
1.41728e+09,49.6885,30.0
1.41729e+09,49.862,30.0
1.41729e+09,49.8657,30.0
1.41729e+09,49.9262,30.0
1.41729e+09,50.0237,30.0
1.41729e+09,49.9807,30.0
1.41729e+09,49.9113,30.0
1.4173e+09,49.7656,30.0
1.4173e+09,49.7788,30.0
1.4173e+09,49.8079,30.0
1.4173e+09,49.7649,30.0
1.4173e+09,49.7472,30.0
1.41731e+09,49.7619,30.0
1.41731e+09,49.828,30.0
1.41731e+09,49.8968,30.0
1.41731e+09,49.8979,30.0
1.41731e+09,49.8651,30.0
1.41731e+09,49.8834,30.0
1.41732e+09,49.8994,30.0
1.41732e+09,49.9273,30.0
1.41732e+09,50.128,30.0
1.41732e+09,50.0119,30.0
1.41732e+09,49.9916,30.0
1.41733e+09,50.0595,30.0
1.41733e+09,50.0694,30.0
1.41733e+09,49.9206,30.0
1.41733e+09,49.9997,30.0
1.41733e+09,49.9042,30.0
1.41733e+09,49.9024,30.0
1.41734e+09,49.9166,30.0
1.41734e+09,49.9046,30.0
1.41734e+09,50.0868,30.0
1.41734e+09,50.1704,30.0
1.41734e+09,50.1411,30.0
1.41735e+09,50.1162,30.0
1.41735e+09,50.25,30.0
1.41735e+09,50.3076,30.0
1.41735e+09,50.3543,30.0
1.41735e+09,50.478,30.0
1.41735e+09,50.6207,30.0
1.41736e+09,50.6442,30.0
1.41736e+09,50.6375,30.0
1.41736e+09,50.5251,30.0
1.41736e+09,50.4887,30.0
1.41736e+09,50.528,30.0
1.41736e+09,50.4776,30.0
1.41737e+09,50.5307,30.0
1.41737e+09,50.5317,30.0
1.41737e+09,50.4113,30.0
1.41737e+09,50.2648,30.0
1.41737e+09,50.3115,30.0
1.41738e+09,50.156,30.0
1.41738e+09,50.3238,30.0
1.41738e+09,50.3705,30.0
1.41738e+09,50.4194,30.0
1.41738e+09,50.5363,30.0
1.41738e+09,50.537,30.0
1.41739e+09,50.5021,30.0
1.41739e+09,50.5814,30.0
1.41739e+09,50.4809,30.0
1.41739e+09,50.6427,30.0
1.41739e+09,50.7567,30.0
1.4174e+09,50.8912,30.0
1.4174e+09,50.7272,30.0
1.4174e+09,50.6471,30.0
1.4174e+09,50.6293,30.0
1.4174e+09,50.6696,30.0
1.4174e+09,50.5044,30.0
1.41741e+09,50.4922,30.0
1.41741e+09,50.4889,30.0
1.41741e+09,50.4672,30.0
1.41741e+09,50.4603,30.0
1.41741e+09,50.4006,30.0
1.41742e+09,50.5385,30.0
1.41742e+09,50.7011,30.0
1.41742e+09,50.8179,30.0
1.41742e+09,50.9265,30.0
1.41742e+09,50.9101,30.0
1.41742e+09,50.9078,30.0
1.41743e+09,50.775,30.0
1.41743e+09,50.6516,30.0
1.41743e+09,50.6434,30.0
1.41743e+09,50.7118,30.0
1.41743e+09,50.8689,30.0
1.41744e+09,50.8585,30.0
1.41744e+09,50.9406,30.0
1.41744e+09,50.9264,30.0
1.41744e+09,50.9911,30.0
1.41744e+09,51.0338,30.0
1.41744e+09,50.958,30.0
1.41745e+09,50.9132,30.0
1.41745e+09,50.7672,30.0
1.41745e+09,50.5518,30.0
1.41745e+09,50.6626,30.0
1.41745e+09,50.5737,30.0
1.41745e+09,50.5221,30.0
1.41746e+09,50.4914,30.0
1.41746e+09,50.3851,30.0
1.41746e+09,50.3955,30.0
1.41746e+09,50.3664,30.0
1.41746e+09,50.4364,30.0
1.41747e+09,50.4387,30.0
1.41747e+09,50.5441,30.0
1.41747e+09,50.5156,30.0
1.41747e+09,50.4045,30.0
1.41747e+09,50.5187,30.0
1.41747e+09,50.5115,30.0
1.41748e+09,50.5738,30.0
1.41748e+09,50.67,30.0
1.41748e+09,50.6971,30.0
1.41748e+09,50.6703,30.0
1.41748e+09,50.6202,30.0
1.41749e+09,50.6896,30.0
1.41749e+09,50.6965,30.0
1.41749e+09,50.6937,30.0
1.41749e+09,50.667,30.0
1.41749e+09,50.6457,30.0
1.41749e+09,50.7431,30.0
1.4175e+09,50.7358,30.0
1.4175e+09,50.8597,30.0
1.4175e+09,50.6415,30.0
1.4175e+09,50.3929,30.0
1.4175e+09,50.5461,30.0
1.41751e+09,50.5224,30.0
1.41751e+09,50.4835,30.0
1.41751e+09,50.4921,30.0
1.41751e+09,50.4517,30.0
1.41751e+09,50.2775,30.0
1.41751e+09,50.2963,30.0
1.41752e+09,50.2511,30.0
1.41752e+09,50.2866,30.0
1.41752e+09,50.491,30.0
1.41752e+09,50.6128,30.0
1.41752e+09,50.649,30.0
1.41753e+09,50.8035,30.0
1.41753e+09,50.573,30.0
1.41753e+09,50.5426,30.0
1.41753e+09,50.2864,30.0
1.41753e+09,50.2723,30.0
1.41753e+09,50.2711,30.0
1.41754e+09,50.1613,30.0
1.41754e+09,50.1979,30.0
1.41754e+09,50.2446,30.0
1.41754e+09,50.4528,30.0
1.41754e+09,50.45,30.0
1.41754e+09,50.3478,30.0
1.41755e+09,50.394,30.0
1.41755e+09,50.3893,30.0
1.41755e+09,50.4778,30.0
1.41755e+09,50.5689,30.0
1.41755e+09,50.4919,30.0
1.41756e+09,50.3428,30.0
1.41756e+09,50.3754,30.0
1.41756e+09,50.3148,30.0
1.41756e+09,50.38,30.0
1.41756e+09,50.323,30.0
1.41756e+09,50.4597,30.0
1.41757e+09,50.6215,30.0
1.41757e+09,50.5324,30.0
1.41757e+09,50.5264,30.0
1.41757e+09,50.4292,30.0
1.41757e+09,50.4941,30.0
1.41758e+09,50.513,30.0
1.41758e+09,50.713,30.0
1.41758e+09,50.6582,30.0
1.41758e+09,50.6714,30.0
1.41758e+09,50.5887,30.0
1.41758e+09,50.5373,30.0
1.41759e+09,50.4674,30.0
1.41759e+09,50.4671,30.0
1.41759e+09,50.4776,30.0
1.41759e+09,50.4955,30.0
1.41759e+09,50.4785,30.0
1.4176e+09,50.5819,30.0
1.4176e+09,50.6085,30.0
1.4176e+09,50.551,30.0
1.4176e+09,50.5456,30.0
1.4176e+09,50.4691,30.0
1.4176e+09,50.3925,30.0
1.41761e+09,50.5038,30.0
1.41761e+09,50.5803,30.0
1.41761e+09,50.6255,30.0
1.41761e+09,50.4635,30.0
1.41761e+09,50.4899,30.0
1.41762e+09,50.4084,30.0
1.41762e+09,50.4967,30.0
1.41762e+09,50.568,30.0
1.41762e+09,50.6292,30.0
1.41762e+09,50.7368,30.0
1.41762e+09,50.8048,30.0
1.41763e+09,50.9402,30.0
1.41763e+09,51.0243,30.0
1.41763e+09,50.9954,30.0
1.41763e+09,50.9665,30.0
1.41763e+09,51.0082,30.0
1.41763e+09,51.1143,30.0
1.41764e+09,51.0807,30.0
1.41764e+09,51.1654,30.0
1.41764e+09,51.1067,30.0
1.41764e+09,51.0228,30.0
1.41764e+09,51.0135,30.0
1.41765e+09,50.9203,30.0
1.41765e+09,50.963,30.0
1.41765e+09,50.8475,30.0
1.41765e+09,50.8857,30.0
1.41765e+09,50.7943,30.0
1.41765e+09,50.6382,30.0
1.41766e+09,50.8328,30.0
1.41766e+09,50.6859,30.0
1.41766e+09,50.8345,30.0
1.41766e+09,50.8195,30.0
1.41766e+09,51.0038,30.0
1.41767e+09,51.1126,30.0
1.41767e+09,50.9956,30.0
1.41767e+09,51.0795,30.0
1.41767e+09,51.016,30.0
1.41767e+09,51.1734,30.0
1.41767e+09,51.1761,30.0
1.41768e+09,51.1073,30.0
1.41768e+09,51.267,30.0
1.41768e+09,51.2757,30.0
1.41768e+09,51.325,30.0
1.41768e+09,51.2664,30.0
1.41769e+09,51.048,30.0
1.41769e+09,51.0726,30.0
1.41769e+09,51.0936,30.0
1.41769e+09,51.0838,30.0
1.41769e+09,51.1823,30.0
1.41769e+09,51.1845,30.0
1.4177e+09,51.3072,30.0
1.4177e+09,51.2902,30.0
1.4177e+09,51.4262,30.0
1.4177e+09,51.5871,30.0
1.4177e+09,51.4978,30.0
1.41771e+09,51.5465,30.0
1.41771e+09,51.6203,30.0
1.41771e+09,51.5853,30.0
1.41771e+09,51.7889,30.0
1.41771e+09,51.8511,30.0
1.41771e+09,51.7867,30.0
1.41772e+09,51.8458,30.0
1.41772e+09,51.6702,30.0
1.41772e+09,51.686,30.0
1.41772e+09,51.7225,30.0
1.41772e+09,51.6526,30.0
1.41772e+09,51.5694,30.0
1.41773e+09,51.5387,30.0
1.41773e+09,51.6185,30.0
1.41773e+09,51.5485,30.0
1.41773e+09,51.755,30.0
1.41773e+09,51.7424,30.0
1.41774e+09,51.7731,30.0
1.41774e+09,51.7031,30.0
1.41774e+09,51.7323,30.0
1.41774e+09,51.6778,30.0
1.41774e+09,51.6259,30.0
1.41774e+09,51.6371,30.0
1.41775e+09,51.5249,30.0
1.41775e+09,51.5187,30.0
1.41775e+09,51.5079,30.0
1.41775e+09,51.5901,30.0
1.41775e+09,51.7092,30.0
1.41776e+09,51.5863,30.0
1.41776e+09,51.4096,30.0
1.41776e+09,51.4713,30.0
1.41776e+09,51.5326,30.0
1.41776e+09,51.5354,30.0
1.41776e+09,51.6492,30.0
1.41777e+09,51.8137,30.0
1.41777e+09,51.7059,30.0
1.41777e+09,51.8732,30.0
1.41777e+09,52.0289,30.0
1.41777e+09,52.2068,30.0
1.41778e+09,52.0156,30.0
1.41778e+09,51.8798,30.0
1.41778e+09,51.8832,30.0
1.41778e+09,51.8108,30.0
1.41778e+09,51.7481,30.0
1.41778e+09,51.5701,30.0
1.41779e+09,51.5284,30.0
1.41779e+09,51.592,30.0
1.41779e+09,51.6237,30.0
1.41779e+09,51.7168,30.0
1.41779e+09,51.7915,30.0
1.4178e+09,51.9625,30.0
1.4178e+09,51.9042,30.0
1.4178e+09,51.9826,30.0
1.4178e+09,52.1532,30.0
1.4178e+09,52.0878,30.0
1.4178e+09,52.0403,30.0
1.41781e+09,52.0844,30.0
1.41781e+09,52.2003,30.0
1.41781e+09,52.2341,30.0
1.41781e+09,52.1506,30.0
1.41781e+09,52.0429,30.0
1.41781e+09,52.1314,30.0
1.41782e+09,52.0867,30.0
1.41782e+09,52.0969,30.0
1.41782e+09,52.0925,30.0
1.41782e+09,52.085,30.0
1.41782e+09,51.9472,30.0
1.41783e+09,51.9899,30.0
1.41783e+09,52.0055,30.0
1.41783e+09,51.8773,30.0
1.41783e+09,51.8662,30.0
1.41783e+09,51.7827,30.0
1.41783e+09,51.784,30.0
1.41784e+09,51.7629,30.0
1.41784e+09,51.7775,30.0
1.41784e+09,51.7784,30.0
1.41784e+09,51.8539,30.0
1.41784e+09,52.0707,30.0
1.41785e+09,52.2008,30.0
1.41785e+09,52.1966,30.0
1.41785e+09,52.0811,30.0
1.41785e+09,51.9634,30.0
1.41785e+09,51.9676,30.0
1.41785e+09,52.023,30.0
1.41786e+09,52.1232,30.0
1.41786e+09,51.9899,30.0
1.41786e+09,51.9905,30.0
1.41786e+09,51.9816,30.0
1.41786e+09,52.0632,30.0
1.41787e+09,52.1303,30.0
1.41787e+09,52.1582,30.0
1.41787e+09,52.1878,30.0
1.41787e+09,52.3313,30.0
1.41787e+09,52.3028,30.0
1.41787e+09,52.2887,30.0
1.41788e+09,52.2884,30.0
1.41788e+09,52.2166,30.0
1.41788e+09,52.33,30.0
1.41788e+09,52.3834,30.0
1.41788e+09,52.3299,30.0
1.41789e+09,52.3516,30.0
1.41789e+09,52.3671,30.0
1.41789e+09,52.4226,30.0
1.41789e+09,52.4955,30.0
1.41789e+09,52.5601,30.0
1.41789e+09,52.6876,30.0
1.4179e+09,52.6017,30.0
1.4179e+09,52.4841,30.0
1.4179e+09,52.4921,30.0
1.4179e+09,52.405,30.0
1.4179e+09,52.4317,30.0
1.4179e+09,52.3021,30.0
1.41791e+09,52.3909,30.0
1.41791e+09,52.3765,30.0
1.41791e+09,52.3053,30.0
1.41791e+09,52.1398,30.0
1.41791e+09,52.2673,30.0
1.41792e+09,52.2299,30.0
1.41792e+09,52.289,30.0
1.41792e+09,52.2212,30.0
1.41792e+09,52.2871,30.0
1.41792e+09,52.37,30.0
1.41792e+09,52.2482,30.0
1.41793e+09,52.1436,30.0
1.41793e+09,52.2948,30.0
1.41793e+09,52.2135,30.0
1.41793e+09,52.1867,30.0
1.41793e+09,52.2834,30.0
1.41794e+09,52.2783,30.0
1.41794e+09,52.3486,30.0
1.41794e+09,52.2969,30.0
1.41794e+09,52.0844,30.0
1.41794e+09,52.1328,30.0
1.41794e+09,52.2441,30.0
1.41795e+09,52.3523,30.0
1.41795e+09,52.2547,30.0
1.41795e+09,52.2828,30.0
1.41795e+09,52.2578,30.0
1.41795e+09,52.3515,30.0
1.41796e+09,52.3736,30.0
1.41796e+09,52.4457,30.0
1.41796e+09,52.263,30.0
1.41796e+09,52.0975,30.0
1.41796e+09,52.174,30.0
1.41796e+09,52.1907,30.0
1.41797e+09,51.9856,30.0
1.41797e+09,51.9607,30.0
1.41797e+09,51.888,30.0
1.41797e+09,51.9808,30.0
1.41797e+09,52.1094,30.0
1.41798e+09,52.1465,30.0
1.41798e+09,52.1456,30.0
1.41798e+09,52.1284,30.0
1.41798e+09,52.1534,30.0
1.41798e+09,52.2408,30.0
1.41798e+09,52.2429,30.0
1.41799e+09,52.3328,30.0
1.41799e+09,52.3788,30.0
1.41799e+09,52.308,30.0
1.41799e+09,52.2434,30.0
1.41799e+09,52.3461,30.0
1.41799e+09,52.4454,30.0
1.418e+09,52.4442,30.0
1.418e+09,52.4028,30.0
1.418e+09,52.457,30.0
1.418e+09,52.4147,30.0
1.418e+09,52.3196,30.0
1.41801e+09,52.3497,30.0
1.41801e+09,52.514,30.0
1.41801e+09,52.4611,30.0
1.41801e+09,52.3781,30.0
1.41801e+09,52.2786,30.0
1.41801e+09,52.2707,30.0
1.41802e+09,52.2507,30.0
1.41802e+09,52.1045,30.0
1.41802e+09,52.0879,30.0
1.41802e+09,52.0584,30.0
1.41802e+09,52.1456,30.0
1.41803e+09,52.2222,30.0
1.41803e+09,52.1314,30.0
1.41803e+09,52.0179,30.0
1.41803e+09,51.983,30.0
1.41803e+09,52.0051,30.0
1.41803e+09,51.9516,30.0
1.41804e+09,51.9995,30.0
1.41804e+09,51.994,30.0
1.41804e+09,51.902,30.0
1.41804e+09,52.0283,30.0
1.41804e+09,51.9957,30.0
1.41805e+09,51.7655,30.0
1.41805e+09,51.8545,30.0
1.41805e+09,51.7144,30.0
1.41805e+09,51.6754,30.0
1.41805e+09,51.6458,30.0
1.41805e+09,51.6944,30.0
1.41806e+09,51.6946,30.0
1.41806e+09,51.7846,30.0
1.41806e+09,51.7712,30.0
1.41806e+09,51.7538,30.0
1.41806e+09,51.7628,30.0
1.41807e+09,51.7618,30.0
1.41807e+09,51.6507,30.0
1.41807e+09,51.6542,30.0
1.41807e+09,51.8234,30.0
1.41807e+09,51.7324,30.0
1.41807e+09,51.6965,30.0
1.41808e+09,51.6922,30.0
1.41808e+09,51.7497,30.0
1.41808e+09,51.7009,30.0
1.41808e+09,51.9023,30.0
1.41808e+09,51.9986,30.0
1.41808e+09,51.9598,30.0
1.41809e+09,51.9675,30.0
1.41809e+09,51.749,30.0
1.41809e+09,51.6181,30.0
1.41809e+09,51.5668,30.0
1.41809e+09,51.5877,30.0
1.4181e+09,51.5377,30.0
1.4181e+09,51.7077,30.0
1.4181e+09,51.587,30.0
1.4181e+09,51.5712,30.0
1.4181e+09,51.6116,30.0
1.4181e+09,51.4859,30.0
1.41811e+09,51.5573,30.0
1.41811e+09,51.6118,30.0
1.41811e+09,51.6167,30.0
1.41811e+09,51.7443,30.0
1.41811e+09,51.5977,30.0
1.41812e+09,51.6437,30.0
1.41812e+09,51.6254,30.0
1.41812e+09,51.6302,30.0
1.41812e+09,51.6982,30.0
1.41812e+09,51.5691,30.0
1.41812e+09,51.5277,30.0
1.41813e+09,51.4315,30.0
1.41813e+09,51.3388,30.0
1.41813e+09,51.4154,30.0
1.41813e+09,51.5446,30.0
1.41813e+09,51.7147,30.0
1.41814e+09,51.611,30.0
1.41814e+09,51.4871,30.0
1.41814e+09,51.5611,30.0
1.41814e+09,51.5884,30.0
1.41814e+09,51.4181,30.0
1.41814e+09,51.5214,30.0
1.41815e+09,51.5466,30.0
1.41815e+09,51.5624,30.0
1.41815e+09,51.4105,30.0
1.41815e+09,51.3774,30.0
1.41815e+09,51.3776,30.0
1.41816e+09,51.4903,30.0
1.41816e+09,51.4825,30.0
1.41816e+09,51.5723,30.0
1.41816e+09,51.5277,30.0
1.41816e+09,51.2971,30.0
1.41816e+09,51.2323,30.0
1.41817e+09,51.2217,30.0
1.41817e+09,51.3342,30.0
1.41817e+09,51.3116,30.0
1.41817e+09,51.3354,30.0
1.41817e+09,51.1621,30.0
1.41817e+09,51.145,30.0
1.41818e+09,51.2347,30.0
1.41818e+09,51.2699,30.0
1.41818e+09,51.0837,30.0
1.41818e+09,51.1795,30.0
1.41818e+09,51.0974,30.0
1.41819e+09,51.1411,30.0
1.41819e+09,51.1191,30.0
1.41819e+09,51.1433,30.0
1.41819e+09,50.9694,30.0
1.41819e+09,50.9672,30.0
1.41819e+09,50.816,30.0
1.4182e+09,50.7885,30.0
1.4182e+09,50.8974,30.0
1.4182e+09,50.8082,30.0
1.4182e+09,50.8247,30.0
1.4182e+09,50.7773,30.0
1.41821e+09,50.9105,30.0
1.41821e+09,50.9925,30.0
1.41821e+09,50.914,30.0
1.41821e+09,51.1338,30.0
1.41821e+09,51.2232,30.0
1.41821e+09,51.1119,30.0
1.41822e+09,51.0516,30.0
1.41822e+09,51.2208,30.0
1.41822e+09,51.1619,30.0
1.41822e+09,51.1123,30.0
1.41822e+09,51.113,30.0
1.41823e+09,51.0853,30.0
1.41823e+09,51.1686,30.0
1.41823e+09,51.0725,30.0
1.41823e+09,51.0219,30.0
1.41823e+09,50.8731,30.0
1.41823e+09,50.9531,30.0
1.41824e+09,51.1144,30.0
1.41824e+09,51.0278,30.0
1.41824e+09,51.117,30.0
1.41824e+09,51.0053,30.0
1.41824e+09,51.0568,30.0
1.41825e+09,50.9701,30.0
1.41825e+09,50.9017,30.0
1.41825e+09,50.8196,30.0
1.41825e+09,50.7539,30.0
1.41825e+09,50.7108,30.0
1.41825e+09,50.665,30.0
1.41826e+09,50.5503,30.0
1.41826e+09,50.5764,30.0
1.41826e+09,50.6018,30.0
1.41826e+09,50.5797,30.0
1.41826e+09,50.6368,30.0
1.41826e+09,50.6714,30.0
1.41827e+09,50.7602,30.0
1.41827e+09,50.7333,30.0
1.41827e+09,50.855,30.0
1.41827e+09,50.8456,30.0
1.41827e+09,50.8116,30.0
1.41828e+09,50.8076,30.0
1.41828e+09,50.7915,30.0
1.41828e+09,50.8152,30.0
1.41828e+09,50.8112,30.0
1.41828e+09,50.7413,30.0
1.41828e+09,50.7448,30.0
1.41829e+09,50.8603,30.0
1.41829e+09,50.9036,30.0
1.41829e+09,50.7557,30.0
1.41829e+09,50.7365,30.0
1.41829e+09,50.6814,30.0
1.4183e+09,50.7515,30.0
1.4183e+09,50.8686,30.0
1.4183e+09,50.9143,30.0
1.4183e+09,50.9659,30.0
1.4183e+09,50.9621,30.0
1.4183e+09,50.9291,30.0
1.41831e+09,50.9624,30.0
1.41831e+09,50.8607,30.0
1.41831e+09,50.8786,30.0
1.41831e+09,50.8309,30.0
1.41831e+09,50.7084,30.0
1.41832e+09,50.5295,30.0
1.41832e+09,50.3957,30.0
1.41832e+09,50.4124,30.0
1.41832e+09,50.434,30.0
1.41832e+09,50.533,30.0
1.41832e+09,50.3691,30.0
1.41833e+09,50.2443,30.0
1.41833e+09,50.0465,30.0
1.41833e+09,49.9606,30.0
1.41833e+09,50.0475,30.0
1.41833e+09,50.0764,30.0
1.41834e+09,50.0514,30.0
1.41834e+09,50.0994,30.0
1.41834e+09,50.2435,30.0
1.41834e+09,50.2929,30.0
1.41834e+09,50.3124,30.0
1.41834e+09,50.2996,30.0
1.41835e+09,50.3678,30.0
1.41835e+09,50.3911,30.0
1.41835e+09,50.4015,30.0
1.41835e+09,50.3677,30.0
1.41835e+09,50.5162,30.0
1.41835e+09,50.5655,30.0
1.41836e+09,50.5879,30.0
1.41836e+09,50.4552,30.0
1.41836e+09,50.4086,30.0
1.41836e+09,50.6474,30.0
1.41836e+09,50.5958,30.0
1.41837e+09,50.6193,30.0
1.41837e+09,50.7342,30.0
1.41837e+09,50.8939,30.0
1.41837e+09,50.8057,30.0
1.41837e+09,50.8277,30.0
1.41837e+09,50.8889,30.0
1.41838e+09,50.9291,30.0
1.41838e+09,51.0891,30.0
1.41838e+09,51.0786,30.0
1.41838e+09,51.0505,30.0
1.41838e+09,50.932,30.0
1.41839e+09,50.99,30.0
1.41839e+09,51.2592,30.0
1.41839e+09,51.4591,30.0
1.41839e+09,51.4758,30.0
1.41839e+09,51.3731,30.0
1.41839e+09,51.3186,30.0
1.4184e+09,51.2619,30.0
1.4184e+09,51.1535,30.0
1.4184e+09,51.1784,30.0
1.4184e+09,51.3245,30.0
1.4184e+09,51.2772,30.0
1.41841e+09,51.178,30.0
1.41841e+09,51.1096,30.0
1.41841e+09,51.1049,30.0
1.41841e+09,51.0087,30.0
1.41841e+09,51.0233,30.0
1.41841e+09,51.1057,30.0
1.41842e+09,51.2188,30.0
1.41842e+09,51.1785,30.0
1.41842e+09,51.1285,30.0
1.41842e+09,50.9989,30.0
1.41842e+09,50.9398,30.0
1.41843e+09,50.9004,30.0
1.41843e+09,51.0482,30.0
1.41843e+09,51.0886,30.0
1.41843e+09,51.2153,30.0
1.41843e+09,51.3269,30.0
1.41843e+09,51.2767,30.0
1.41844e+09,51.2432,30.0
1.41844e+09,51.2574,30.0
1.41844e+09,51.1754,30.0
1.41844e+09,51.1969,30.0
1.41844e+09,51.1237,30.0
1.41844e+09,51.214,30.0
1.41845e+09,51.2774,30.0
1.41845e+09,51.2975,30.0
1.41845e+09,51.3237,30.0
1.41845e+09,51.4443,30.0
1.41845e+09,51.6107,30.0
1.41846e+09,51.5591,30.0
1.41846e+09,51.6917,30.0
1.41846e+09,51.6758,30.0
1.41846e+09,51.7175,30.0
1.41846e+09,51.7009,30.0
1.41846e+09,51.5261,30.0
1.41847e+09,51.5906,30.0
1.41847e+09,51.5507,30.0
1.41847e+09,51.5848,30.0
1.41847e+09,51.559,30.0
1.41847e+09,51.6041,30.0
1.41848e+09,51.5753,30.0
1.41848e+09,51.6788,30.0
1.41848e+09,51.7497,30.0
1.41848e+09,51.8304,30.0
1.41848e+09,51.7255,30.0
1.41848e+09,51.7896,30.0
1.41849e+09,51.7372,30.0
1.41849e+09,51.7331,30.0
1.41849e+09,51.7724,30.0
1.41849e+09,51.9014,30.0
1.41849e+09,51.7852,30.0
1.4185e+09,51.9369,30.0
1.4185e+09,51.9467,30.0
1.4185e+09,51.8471,30.0
1.4185e+09,51.9163,30.0
1.4185e+09,52.0028,30.0
1.4185e+09,51.9062,30.0
1.41851e+09,51.8533,30.0
1.41851e+09,51.7837,30.0
1.41851e+09,51.8424,30.0
1.41851e+09,51.6661,30.0
1.41851e+09,51.5013,30.0
1.41852e+09,51.6367,30.0
1.41852e+09,51.6077,30.0
1.41852e+09,51.5115,30.0
1.41852e+09,51.6399,30.0
1.41852e+09,51.599,30.0
1.41852e+09,51.6005,30.0
1.41853e+09,51.7621,30.0
1.41853e+09,51.8279,30.0
1.41853e+09,51.7844,30.0
1.41853e+09,51.8769,30.0
1.41853e+09,51.9901,30.0
1.41853e+09,52.0274,30.0
1.41854e+09,51.9968,30.0
1.41854e+09,52.1132,30.0
1.41854e+09,52.1006,30.0
1.41854e+09,51.945,30.0
1.41854e+09,52.0418,30.0
1.41855e+09,52.0844,30.0
1.41855e+09,52.074,30.0
1.41855e+09,52.0595,30.0
1.41855e+09,52.0274,30.0
1.41855e+09,52.0694,30.0
1.41855e+09,52.1017,30.0
1.41856e+09,52.0354,30.0
1.41856e+09,52.0524,30.0
1.41856e+09,52.1631,30.0
1.41856e+09,52.2352,30.0
1.41856e+09,52.2301,30.0
1.41857e+09,52.2401,30.0
1.41857e+09,52.1838,30.0
1.41857e+09,52.1695,30.0
1.41857e+09,52.1659,30.0
1.41857e+09,52.2946,30.0
1.41857e+09,52.2941,30.0
1.41858e+09,52.2389,30.0
1.41858e+09,52.3318,30.0
1.41858e+09,52.413,30.0
1.41858e+09,52.2757,30.0
1.41858e+09,52.4267,30.0
1.41859e+09,52.4265,30.0
1.41859e+09,52.3732,30.0
1.41859e+09,52.3776,30.0
1.41859e+09,52.356,30.0
1.41859e+09,52.2538,30.0
1.41859e+09,52.2962,30.0
1.4186e+09,52.1912,30.0
1.4186e+09,52.367,30.0
1.4186e+09,52.4211,30.0
1.4186e+09,52.3858,30.0
1.4186e+09,52.3939,30.0
1.41861e+09,52.2298,30.0
1.41861e+09,52.3442,30.0
1.41861e+09,52.2165,30.0
1.41861e+09,52.3013,30.0
1.41861e+09,52.2989,30.0
1.41861e+09,52.4023,30.0
1.41862e+09,52.317,30.0
1.41862e+09,52.3541,30.0
1.41862e+09,52.4538,30.0
1.41862e+09,52.4529,30.0
1.41862e+09,52.3407,30.0
1.41862e+09,52.3365,30.0
1.41863e+09,52.2354,30.0
1.41863e+09,52.1179,30.0
1.41863e+09,52.2081,30.0
1.41863e+09,52.1602,30.0
1.41863e+09,52.2847,30.0
1.41864e+09,52.2222,30.0
1.41864e+09,52.1069,30.0
1.41864e+09,52.1204,30.0
1.41864e+09,52.1581,30.0
1.41864e+09,52.2206,30.0
1.41864e+09,51.9606,30.0
1.41865e+09,52.1342,30.0
1.41865e+09,52.0945,30.0
1.41865e+09,52.1967,30.0
1.41865e+09,52.3411,30.0
1.41865e+09,52.2828,30.0
1.41866e+09,52.3204,30.0
1.41866e+09,52.3488,30.0
1.41866e+09,52.4189,30.0
1.41866e+09,52.5728,30.0
1.41866e+09,52.5249,30.0
1.41866e+09,52.4777,30.0
1.41867e+09,52.4871,30.0
1.41867e+09,52.4432,30.0
1.41867e+09,52.6864,30.0
1.41867e+09,52.6748,30.0
1.41867e+09,52.7838,30.0
1.41868e+09,52.8945,30.0
1.41868e+09,52.9088,30.0
1.41868e+09,53.0319,30.0
1.41868e+09,53.149,30.0
1.41868e+09,53.1085,30.0
1.41868e+09,52.9677,30.0
1.41869e+09,53.0214,30.0
1.41869e+09,52.9209,30.0
1.41869e+09,52.9391,30.0
1.41869e+09,52.9337,30.0
1.41869e+09,53.0555,30.0
1.4187e+09,53.2483,30.0
1.4187e+09,53.1663,30.0
1.4187e+09,53.32,30.0
1.4187e+09,53.3282,30.0
1.4187e+09,53.2244,30.0
1.4187e+09,53.2205,30.0
1.41871e+09,53.3532,30.0
1.41871e+09,53.4006,30.0
1.41871e+09,53.4815,30.0
1.41871e+09,53.4993,30.0
1.41871e+09,53.503,30.0
1.41871e+09,53.4424,30.0
1.41872e+09,53.5351,30.0
1.41872e+09,53.629,30.0
1.41872e+09,53.6945,30.0
1.41872e+09,53.6526,30.0
1.41872e+09,53.5791,30.0
1.41873e+09,53.5768,30.0
1.41873e+09,53.5153,30.0
1.41873e+09,53.4298,30.0
1.41873e+09,53.265,30.0
1.41873e+09,53.2293,30.0
1.41873e+09,53.3573,30.0
1.41874e+09,53.4228,30.0
1.41874e+09,53.53,30.0
1.41874e+09,53.4049,30.0
1.41874e+09,53.3586,30.0
1.41874e+09,53.2346,30.0
1.41875e+09,53.052,30.0
1.41875e+09,53.1777,30.0
1.41875e+09,53.2635,30.0
1.41875e+09,53.281,30.0
1.41875e+09,53.3008,30.0
1.41875e+09,53.2127,30.0
1.41876e+09,53.3308,30.0
1.41876e+09,53.3635,30.0
1.41876e+09,53.388,30.0
1.41876e+09,53.1688,30.0
1.41876e+09,53.2799,30.0
1.41877e+09,53.1257,30.0
1.41877e+09,53.0842,30.0
1.41877e+09,53.1354,30.0
1.41877e+09,53.2193,30.0
1.41877e+09,52.9913,30.0
1.41877e+09,53.0997,30.0
1.41878e+09,53.1495,30.0
1.41878e+09,53.2085,30.0
1.41878e+09,53.336,30.0
1.41878e+09,53.2477,30.0
1.41878e+09,53.285,30.0
1.41879e+09,53.3222,30.0
1.41879e+09,53.3226,30.0
1.41879e+09,53.3079,30.0
1.41879e+09,53.2769,30.0
1.41879e+09,53.3173,30.0
1.41879e+09,53.4617,30.0
1.4188e+09,53.39,30.0
1.4188e+09,53.3096,30.0
1.4188e+09,53.341,30.0
1.4188e+09,53.3739,30.0
1.4188e+09,53.4153,30.0
1.4188e+09,53.4641,30.0
1.41881e+09,53.5137,30.0
1.41881e+09,53.4158,30.0
1.41881e+09,53.2963,30.0
1.41881e+09,53.214,30.0
1.41881e+09,53.2142,30.0
1.41882e+09,53.2733,30.0
1.41882e+09,53.3035,30.0
1.41882e+09,53.178,30.0
1.41882e+09,53.1678,30.0
1.41882e+09,53.2586,30.0
1.41882e+09,53.2763,30.0
1.41883e+09,53.3566,30.0
1.41883e+09,53.538,30.0
1.41883e+09,53.552,30.0
1.41883e+09,53.5576,30.0
1.41883e+09,53.4642,30.0
1.41884e+09,53.4432,30.0
1.41884e+09,53.439,30.0
1.41884e+09,53.1503,30.0
1.41884e+09,53.2716,30.0
1.41884e+09,53.1299,30.0
1.41884e+09,53.1323,30.0
1.41885e+09,52.9717,30.0
1.41885e+09,52.9266,30.0
1.41885e+09,52.8146,30.0
1.41885e+09,52.9159,30.0
1.41885e+09,52.8228,30.0
1.41886e+09,52.8348,30.0
1.41886e+09,52.902,30.0
1.41886e+09,52.9197,30.0
1.41886e+09,52.6673,30.0
1.41886e+09,52.4963,30.0
1.41886e+09,52.5633,30.0
1.41887e+09,52.615,30.0
1.41887e+09,52.3226,30.0
1.41887e+09,52.2042,30.0
1.41887e+09,52.16,30.0
1.41887e+09,52.1374,30.0
1.41888e+09,52.3141,30.0
1.41888e+09,52.2844,30.0
1.41888e+09,52.1446,30.0
1.41888e+09,52.1473,30.0
1.41888e+09,52.2002,30.0
1.41888e+09,52.1881,30.0
1.41889e+09,52.1135,30.0
1.41889e+09,52.1728,30.0
1.41889e+09,52.3069,30.0
1.41889e+09,52.197,30.0
1.41889e+09,52.0117,30.0
1.41889e+09,52.1298,30.0
1.4189e+09,52.2015,30.0
1.4189e+09,52.177,30.0
1.4189e+09,52.1042,30.0
1.4189e+09,52.1652,30.0
1.4189e+09,52.1094,30.0
1.41891e+09,52.2121,30.0
1.41891e+09,52.1721,30.0
1.41891e+09,52.1679,30.0
1.41891e+09,52.1686,30.0
1.41891e+09,51.9315,30.0
1.41891e+09,52.0231,30.0
1.41892e+09,52.2601,30.0
1.41892e+09,52.218,30.0
1.41892e+09,52.2552,30.0
1.41892e+09,52.3924,30.0
1.41892e+09,52.4871,30.0
1.41893e+09,52.4593,30.0
1.41893e+09,52.5674,30.0
1.41893e+09,52.5072,30.0
1.41893e+09,52.5594,30.0
1.41893e+09,52.5239,30.0
1.41893e+09,52.5788,30.0
1.41894e+09,52.39,30.0
1.41894e+09,52.3715,30.0
1.41894e+09,52.3427,30.0
1.41894e+09,52.4955,30.0
1.41894e+09,52.3919,30.0
1.41895e+09,52.4312,30.0
1.41895e+09,52.4849,30.0
1.41895e+09,52.6702,30.0
1.41895e+09,52.8488,30.0
1.41895e+09,52.9761,30.0
1.41895e+09,52.8663,30.0
1.41896e+09,52.8697,30.0
1.41896e+09,52.8011,30.0
1.41896e+09,52.7336,30.0
1.41896e+09,52.8084,30.0
1.41896e+09,52.7464,30.0
1.41897e+09,52.5445,30.0
1.41897e+09,52.6144,30.0
1.41897e+09,52.8185,30.0
1.41897e+09,52.7366,30.0
1.41897e+09,52.8437,30.0
1.41897e+09,53.0605,30.0
1.41898e+09,52.9509,30.0
1.41898e+09,53.1473,30.0
1.41898e+09,53.1681,30.0
1.41898e+09,53.0965,30.0
1.41898e+09,53.1231,30.0
1.41898e+09,53.0309,30.0
1.41899e+09,52.8398,30.0
1.41899e+09,53.0112,30.0
1.41899e+09,52.8757,30.0
1.41899e+09,52.9746,30.0
1.41899e+09,52.9087,30.0
1.419e+09,52.7864,30.0
1.419e+09,52.7456,30.0
1.419e+09,52.7733,30.0
1.419e+09,52.77,30.0
1.419e+09,52.6492,30.0
1.419e+09,52.5314,30.0
1.41901e+09,52.4648,30.0
1.41901e+09,52.4769,30.0
1.41901e+09,52.314,30.0
1.41901e+09,52.3075,30.0
1.41901e+09,52.1785,30.0
1.41902e+09,52.2514,30.0
1.41902e+09,52.2201,30.0
1.41902e+09,52.3306,30.0
1.41902e+09,52.265,30.0
1.41902e+09,52.4083,30.0
1.41902e+09,52.2685,30.0
1.41903e+09,52.4031,30.0
1.41903e+09,52.4283,30.0
1.41903e+09,52.462,30.0
1.41903e+09,52.4643,30.0
1.41903e+09,52.6488,30.0
1.41904e+09,52.6067,30.0
1.41904e+09,52.6081,30.0
1.41904e+09,52.7494,30.0
1.41904e+09,52.781,30.0
1.41904e+09,52.6574,30.0
1.41904e+09,52.6977,30.0
1.41905e+09,52.6098,30.0
1.41905e+09,52.5915,30.0
1.41905e+09,52.5746,30.0
1.41905e+09,52.8377,30.0
1.41905e+09,52.8232,30.0
1.41906e+09,52.8797,30.0
1.41906e+09,52.7199,30.0
1.41906e+09,52.8472,30.0
1.41906e+09,53.0109,30.0
1.41906e+09,52.9811,30.0
1.41906e+09,52.9875,30.0
1.41907e+09,53.0858,30.0
1.41907e+09,53.0441,30.0
1.41907e+09,53.2358,30.0
1.41907e+09,53.0435,30.0
1.41907e+09,52.9633,30.0
1.41907e+09,52.9893,30.0
1.41908e+09,53.0085,30.0
1.41908e+09,52.7762,30.0
1.41908e+09,52.7694,30.0
1.41908e+09,52.7642,30.0
1.41908e+09,52.8825,30.0
1.41909e+09,52.8732,30.0
1.41909e+09,52.8589,30.0
1.41909e+09,52.8647,30.0
1.41909e+09,52.8485,30.0
1.41909e+09,52.7837,30.0
1.41909e+09,52.8616,30.0
1.4191e+09,52.9148,30.0
1.4191e+09,52.9308,30.0
1.4191e+09,53.0642,30.0
1.4191e+09,53.1137,30.0
1.4191e+09,53.0714,30.0
1.41911e+09,52.9824,30.0
1.41911e+09,52.9273,30.0
1.41911e+09,52.985,30.0
1.41911e+09,53.0177,30.0
1.41911e+09,53.0469,30.0
1.41911e+09,52.9775,30.0
1.41912e+09,53.0518,30.0
1.41912e+09,52.9473,30.0
1.41912e+09,52.9702,30.0
1.41912e+09,52.9294,30.0
1.41912e+09,52.8666,30.0
1.41913e+09,52.8864,30.0
1.41913e+09,52.9382,30.0
1.41913e+09,53.0713,30.0
1.41913e+09,53.2297,30.0
1.41913e+09,53.2271,30.0
1.41913e+09,53.2538,30.0
1.41914e+09,53.2432,30.0
1.41914e+09,53.2536,30.0
1.41914e+09,53.2379,30.0
1.41914e+09,53.1902,30.0
1.41914e+09,53.1269,30.0
1.41915e+09,53.1258,30.0
1.41915e+09,53.1908,30.0
1.41915e+09,53.1789,30.0
1.41915e+09,53.2865,30.0
1.41915e+09,53.3419,30.0
1.41915e+09,53.4688,30.0
1.41916e+09,53.4376,30.0
1.41916e+09,53.3427,30.0
1.41916e+09,53.3071,30.0
1.41916e+09,53.2761,30.0
1.41916e+09,53.2168,30.0
1.41916e+09,53.0347,30.0
1.41917e+09,53.223,30.0
1.41917e+09,53.2285,30.0
1.41917e+09,53.202,30.0
1.41917e+09,53.1759,30.0
1.41917e+09,53.2439,30.0
1.41918e+09,53.0747,30.0
1.41918e+09,53.0904,30.0
1.41918e+09,53.2348,30.0
1.41918e+09,53.0625,30.0
1.41918e+09,53.1282,30.0
1.41918e+09,53.2806,30.0
1.41919e+09,53.1885,30.0
1.41919e+09,53.2513,30.0
1.41919e+09,53.2823,30.0
1.41919e+09,53.316,30.0
1.41919e+09,53.2134,30.0
1.4192e+09,53.2317,30.0
1.4192e+09,53.262,30.0
1.4192e+09,53.3687,30.0
1.4192e+09,53.3888,30.0
1.4192e+09,53.3046,30.0
1.4192e+09,53.4319,30.0
1.41921e+09,53.4,30.0
1.41921e+09,53.5072,30.0
1.41921e+09,53.6201,30.0
1.41921e+09,53.5307,30.0
1.41921e+09,53.3029,30.0
1.41922e+09,53.2227,30.0
1.41922e+09,53.2241,30.0
1.41922e+09,53.1491,30.0
1.41922e+09,53.1529,30.0
1.41922e+09,53.1799,30.0
1.41922e+09,53.1417,30.0
1.41923e+09,53.2999,30.0
1.41923e+09,53.2691,30.0
1.41923e+09,53.3744,30.0
1.41923e+09,53.3617,30.0
1.41923e+09,53.4403,30.0
1.41924e+09,53.4646,30.0
1.41924e+09,53.6297,30.0
1.41924e+09,53.5423,30.0
1.41924e+09,53.4462,30.0
1.41924e+09,53.4518,30.0
1.41924e+09,53.3357,30.0
1.41925e+09,53.3938,30.0
1.41925e+09,53.6088,30.0
1.41925e+09,53.7141,30.0
1.41925e+09,53.6739,30.0
1.41925e+09,53.59,30.0
1.41925e+09,53.5554,30.0
1.41926e+09,53.6551,30.0
1.41926e+09,53.7882,30.0
1.41926e+09,53.6535,30.0
1.41926e+09,53.7372,30.0
1.41926e+09,53.8275,30.0
1.41927e+09,53.9852,30.0
1.41927e+09,54.1209,30.0
1.41927e+09,54.031,30.0
1.41927e+09,53.8819,30.0
1.41927e+09,54.0484,30.0
1.41927e+09,53.9725,30.0
1.41928e+09,53.8983,30.0
1.41928e+09,53.9699,30.0
1.41928e+09,53.9643,30.0
1.41928e+09,54.1103,30.0
1.41928e+09,54.2171,30.0
1.41929e+09,54.0535,30.0
1.41929e+09,54.0043,30.0
1.41929e+09,54.0186,30.0
1.41929e+09,54.0186,30.0
1.41929e+09,53.9047,30.0
1.41929e+09,53.921,30.0
1.4193e+09,53.8648,30.0
1.4193e+09,53.9102,30.0
1.4193e+09,53.9767,30.0
1.4193e+09,54.045,30.0
1.4193e+09,53.9496,30.0
1.41931e+09,53.8509,30.0
1.41931e+09,53.8192,30.0
1.41931e+09,53.65,30.0
1.41931e+09,53.5608,30.0
1.41931e+09,53.6381,30.0
1.41931e+09,53.6908,30.0
1.41932e+09,53.6205,30.0
1.41932e+09,53.4684,30.0
1.41932e+09,53.4929,30.0
1.41932e+09,53.5201,30.0
1.41932e+09,53.4483,30.0
1.41933e+09,53.6311,30.0
1.41933e+09,53.6246,30.0
1.41933e+09,53.6449,30.0
1.41933e+09,53.7002,30.0
1.41933e+09,53.7572,30.0
1.41933e+09,53.7159,30.0
1.41934e+09,53.8289,30.0
1.41934e+09,53.8388,30.0
1.41934e+09,53.9275,30.0
1.41934e+09,53.8757,30.0
1.41934e+09,53.796,30.0
1.41934e+09,53.9627,30.0
1.41935e+09,53.9183,30.0
1.41935e+09,53.9266,30.0
1.41935e+09,53.8913,30.0
1.41935e+09,53.9964,30.0
1.41935e+09,54.072,30.0
1.41936e+09,53.9828,30.0
1.41936e+09,53.8852,30.0
1.41936e+09,53.9343,30.0
1.41936e+09,53.7964,30.0
1.41936e+09,53.7276,30.0
1.41936e+09,53.7118,30.0
1.41937e+09,53.8611,30.0
1.41937e+09,53.8012,30.0
1.41937e+09,53.9401,30.0
1.41937e+09,54.1575,30.0
1.41937e+09,54.2105,30.0
1.41938e+09,54.246,30.0
1.41938e+09,54.1973,30.0
1.41938e+09,54.2435,30.0
1.41938e+09,54.1608,30.0
1.41938e+09,54.1251,30.0
1.41938e+09,54.138,30.0
1.41939e+09,54.2107,30.0
1.41939e+09,54.0722,30.0
1.41939e+09,54.1822,30.0
1.41939e+09,54.2345,30.0
1.41939e+09,54.2789,30.0
1.4194e+09,54.1616,30.0
1.4194e+09,54.237,30.0
1.4194e+09,54.2408,30.0
1.4194e+09,54.2532,30.0
1.4194e+09,54.2191,30.0
1.4194e+09,54.2579,30.0
1.41941e+09,54.4246,30.0
1.41941e+09,54.5483,30.0
1.41941e+09,54.5323,30.0
1.41941e+09,54.4543,30.0
1.41941e+09,54.4452,30.0
1.41942e+09,54.5318,30.0
1.41942e+09,54.3914,30.0
1.41942e+09,54.4385,30.0
1.41942e+09,54.4789,30.0
1.41942e+09,54.5674,30.0
1.41942e+09,54.6318,30.0
1.41943e+09,54.5866,30.0
1.41943e+09,54.665,30.0
1.41943e+09,54.6562,30.0
1.41943e+09,54.5188,30.0
1.41943e+09,54.3494,30.0
1.41943e+09,54.2316,30.0
1.41944e+09,54.2238,30.0
1.41944e+09,54.3259,30.0
1.41944e+09,54.3358,30.0
1.41944e+09,54.2141,30.0
1.41944e+09,54.0865,30.0
1.41945e+09,54.0527,30.0
1.41945e+09,54.1311,30.0
1.41945e+09,54.2117,30.0
1.41945e+09,54.2117,30.0
1.41945e+09,54.1132,30.0
1.41945e+09,54.1146,30.0
1.41946e+09,54.0423,30.0
1.41946e+09,53.983,30.0
1.41946e+09,54.0673,30.0
1.41946e+09,54.0897,30.0
1.41946e+09,54.2884,30.0
1.41947e+09,54.2701,30.0
1.41947e+09,54.1305,30.0
1.41947e+09,54.0854,30.0
1.41947e+09,54.0611,30.0
1.41947e+09,54.0713,30.0
1.41947e+09,54.1034,30.0
1.41948e+09,54.1913,30.0
1.41948e+09,54.2059,30.0
1.41948e+09,54.2198,30.0
1.41948e+09,54.1656,30.0
1.41948e+09,54.0689,30.0
1.41949e+09,54.0691,30.0
1.41949e+09,54.1135,30.0
1.41949e+09,54.0755,30.0
1.41949e+09,53.9833,30.0
1.41949e+09,53.8968,30.0
1.41949e+09,53.8859,30.0
1.4195e+09,53.7345,30.0
1.4195e+09,53.6366,30.0
1.4195e+09,53.4285,30.0
1.4195e+09,53.324,30.0
1.4195e+09,53.3706,30.0
1.41951e+09,53.4894,30.0
1.41951e+09,53.3199,30.0
1.41951e+09,53.4209,30.0
1.41951e+09,53.3067,30.0
1.41951e+09,53.2026,30.0
1.41951e+09,53.3161,30.0
1.41952e+09,53.535,30.0
1.41952e+09,53.3827,30.0
1.41952e+09,53.3298,30.0
1.41952e+09,53.3882,30.0
1.41952e+09,53.477,30.0
1.41952e+09,53.3596,30.0
1.41953e+09,53.4934,30.0
1.41953e+09,53.6589,30.0
1.41953e+09,53.6963,30.0
1.41953e+09,53.5837,30.0
1.41953e+09,53.6354,30.0
1.41954e+09,53.6764,30.0
1.41954e+09,53.6423,30.0
1.41954e+09,53.6573,30.0
1.41954e+09,53.704,30.0
1.41954e+09,53.824,30.0
1.41954e+09,53.8385,30.0
1.41955e+09,53.8661,30.0
1.41955e+09,53.7652,30.0
1.41955e+09,53.5933,30.0
1.41955e+09,53.636,30.0
1.41955e+09,53.5874,30.0
1.41956e+09,53.5309,30.0
1.41956e+09,53.3883,30.0
1.41956e+09,53.5038,30.0
1.41956e+09,53.5591,30.0
1.41956e+09,53.6518,30.0
1.41956e+09,53.6922,30.0
1.41957e+09,53.6794,30.0
1.41957e+09,53.6744,30.0
1.41957e+09,53.8511,30.0
1.41957e+09,53.8432,30.0
1.41957e+09,53.8406,30.0
1.41958e+09,53.7459,30.0
1.41958e+09,53.72,30.0
1.41958e+09,53.784,30.0
1.41958e+09,53.7534,30.0
1.41958e+09,53.6859,30.0
1.41958e+09,53.7347,30.0
1.41959e+09,53.7291,30.0
1.41959e+09,54.0086,30.0
1.41959e+09,54.0792,30.0
1.41959e+09,54.1325,30.0
1.41959e+09,54.1346,30.0
1.4196e+09,54.2651,30.0
1.4196e+09,54.2066,30.0
1.4196e+09,54.1866,30.0
1.4196e+09,54.1404,30.0
1.4196e+09,54.1138,30.0
1.4196e+09,54.0891,30.0
1.41961e+09,54.0124,30.0
1.41961e+09,53.9969,30.0
1.41961e+09,53.8655,30.0
1.41961e+09,54.111,30.0
1.41961e+09,54.1539,30.0
1.41961e+09,54.1393,30.0
1.41962e+09,54.0877,30.0
1.41962e+09,54.1977,30.0
1.41962e+09,54.1614,30.0
1.41962e+09,54.1011,30.0
1.41962e+09,54.2647,30.0
1.41963e+09,54.1369,30.0
1.41963e+09,54.1159,30.0
1.41963e+09,54.1777,30.0
1.41963e+09,54.1494,30.0
1.41963e+09,54.1377,30.0
1.41963e+09,54.2112,30.0
1.41964e+09,54.0884,30.0
1.41964e+09,53.9719,30.0
1.41964e+09,54.0598,30.0
1.41964e+09,53.9916,30.0
1.41964e+09,54.066,30.0
1.41965e+09,54.0279,30.0
1.41965e+09,54.0332,30.0
1.41965e+09,54.0584,30.0
1.41965e+09,53.9552,30.0
1.41965e+09,53.8596,30.0
1.41965e+09,53.977,30.0
1.41966e+09,53.8515,30.0
1.41966e+09,53.9719,30.0
1.41966e+09,53.9443,30.0
1.41966e+09,53.9539,30.0
1.41966e+09,53.9145,30.0
1.41967e+09,53.9478,30.0
1.41967e+09,53.8274,30.0
1.41967e+09,53.8644,30.0
1.41967e+09,53.8331,30.0
1.41967e+09,53.8179,30.0
1.41967e+09,53.8189,30.0
1.41968e+09,53.7801,30.0
1.41968e+09,53.6232,30.0
1.41968e+09,53.6185,30.0
1.41968e+09,53.6064,30.0
1.41968e+09,53.5273,30.0
1.41969e+09,53.4155,30.0
1.41969e+09,53.3055,30.0
1.41969e+09,53.2945,30.0
1.41969e+09,53.2517,30.0
1.41969e+09,53.2675,30.0
1.41969e+09,53.3171,30.0
1.4197e+09,53.4976,30.0
1.4197e+09,53.4724,30.0
1.4197e+09,53.4653,30.0
1.4197e+09,53.4979,30.0
1.4197e+09,53.3345,30.0
1.4197e+09,53.2372,30.0
1.41971e+09,53.4535,30.0
1.41971e+09,53.365,30.0
1.41971e+09,53.3573,30.0
1.41971e+09,53.4087,30.0
1.41971e+09,53.3472,30.0
1.41972e+09,53.218,30.0
1.41972e+09,53.2388,30.0
1.41972e+09,53.1245,30.0
1.41972e+09,53.0537,30.0
1.41972e+09,53.1366,30.0
1.41972e+09,53.0346,30.0
1.41973e+09,52.8817,30.0
1.41973e+09,52.8673,30.0
1.41973e+09,52.8321,30.0
1.41973e+09,52.8597,30.0
1.41973e+09,52.8029,30.0
1.41974e+09,52.7332,30.0
1.41974e+09,52.7606,30.0
1.41974e+09,52.638,30.0
1.41974e+09,52.6224,30.0
1.41974e+09,52.834,30.0
1.41974e+09,52.7086,30.0
1.41975e+09,52.6879,30.0
1.41975e+09,52.6713,30.0
1.41975e+09,52.7658,30.0
1.41975e+09,52.8617,30.0
1.41975e+09,52.9217,30.0
1.41976e+09,52.9374,30.0
1.41976e+09,52.9708,30.0
1.41976e+09,52.8125,30.0
1.41976e+09,52.8647,30.0
1.41976e+09,52.8362,30.0
1.41976e+09,52.7156,30.0
1.41977e+09,52.6286,30.0
1.41977e+09,52.6022,30.0
1.41977e+09,52.6627,30.0
1.41977e+09,52.7694,30.0
1.41977e+09,52.5905,30.0
1.41978e+09,52.573,30.0
1.41978e+09,52.6068,30.0
1.41978e+09,52.5417,30.0
1.41978e+09,52.375,30.0
1.41978e+09,52.5505,30.0
1.41978e+09,52.6787,30.0
1.41979e+09,52.581,30.0
1.41979e+09,52.4732,30.0
1.41979e+09,52.4624,30.0
1.41979e+09,52.5316,30.0
1.41979e+09,52.6399,30.0
1.41979e+09,52.6143,30.0
1.4198e+09,52.6617,30.0
1.4198e+09,52.5788,30.0
1.4198e+09,52.7638,30.0
1.4198e+09,52.6953,30.0
1.4198e+09,52.8964,30.0
1.41981e+09,53.2115,30.0
1.41981e+09,53.2644,30.0
1.41981e+09,53.2013,30.0
1.41981e+09,53.2833,30.0
1.41981e+09,53.0702,30.0
1.41981e+09,53.2327,30.0
1.41982e+09,53.162,30.0
1.41982e+09,53.2961,30.0
1.41982e+09,53.306,30.0
1.41982e+09,53.3668,30.0
1.41982e+09,53.3977,30.0
1.41983e+09,53.5357,30.0
1.41983e+09,53.6533,30.0
1.41983e+09,53.689,30.0
1.41983e+09,53.5745,30.0
1.41983e+09,53.7546,30.0
1.41983e+09,53.9194,30.0
1.41984e+09,53.9736,30.0
1.41984e+09,53.921,30.0
1.41984e+09,53.9281,30.0
1.41984e+09,53.7939,30.0
1.41984e+09,53.4577,30.0
1.41985e+09,53.4573,30.0
1.41985e+09,53.4637,30.0
1.41985e+09,53.2286,30.0
1.41985e+09,53.2624,30.0
1.41985e+09,53.107,30.0
1.41985e+09,52.9779,30.0
1.41986e+09,52.8819,30.0
1.41986e+09,53.0069,30.0
1.41986e+09,53.0705,30.0
1.41986e+09,52.9898,30.0
1.41986e+09,53.063,30.0
1.41987e+09,53.0339,30.0
1.41987e+09,53.076,30.0
1.41987e+09,53.2949,30.0
1.41987e+09,53.2585,30.0
1.41987e+09,53.2517,30.0
1.41987e+09,53.3494,30.0
1.41988e+09,53.5059,30.0
1.41988e+09,53.6832,30.0
1.41988e+09,53.736,30.0
1.41988e+09,53.7614,30.0
1.41988e+09,53.8423,30.0
1.41988e+09,53.7583,30.0
1.41989e+09,53.657,30.0
1.41989e+09,53.7139,30.0
1.41989e+09,53.7232,30.0
1.41989e+09,53.7066,30.0
1.41989e+09,53.5993,30.0
1.4199e+09,53.3987,30.0
1.4199e+09,53.2786,30.0
1.4199e+09,53.3015,30.0
1.4199e+09,53.218,30.0
1.4199e+09,53.4225,30.0
1.4199e+09,53.5686,30.0
1.41991e+09,53.5969,30.0
1.41991e+09,53.6399,30.0
1.41991e+09,53.693,30.0
1.41991e+09,53.7745,30.0
1.41991e+09,53.8795,30.0
1.41992e+09,53.9421,30.0
1.41992e+09,53.924,30.0
1.41992e+09,54.1131,30.0
1.41992e+09,54.09,30.0
1.41992e+09,54.304,30.0
1.41992e+09,54.4198,30.0
1.41993e+09,54.4467,30.0
1.41993e+09,54.5213,30.0
1.41993e+09,54.4882,30.0
1.41993e+09,54.7042,30.0
1.41993e+09,54.5969,30.0
1.41994e+09,54.6245,30.0
1.41994e+09,54.5824,30.0
1.41994e+09,54.6092,30.0
1.41994e+09,54.6606,30.0
1.41994e+09,54.7503,30.0
1.41994e+09,54.6625,30.0
1.41995e+09,54.7661,30.0
1.41995e+09,54.768,30.0
1.41995e+09,54.7392,30.0
1.41995e+09,54.834,30.0
1.41995e+09,54.7329,30.0
1.41996e+09,54.7143,30.0
1.41996e+09,54.7101,30.0
1.41996e+09,54.5946,30.0
1.41996e+09,54.5891,30.0
1.41996e+09,54.5039,30.0
1.41996e+09,54.4488,30.0
1.41997e+09,54.2094,30.0
1.41997e+09,54.2675,30.0
1.41997e+09,54.2803,30.0
1.41997e+09,54.4199,30.0
1.41997e+09,54.3291,30.0
1.41997e+09,54.3329,30.0
1.41998e+09,54.2394,30.0
1.41998e+09,54.3228,30.0
1.41998e+09,54.3983,30.0
1.41998e+09,54.3935,30.0
1.41998e+09,54.2635,30.0
1.41999e+09,54.2518,30.0
1.41999e+09,54.2787,30.0
1.41999e+09,54.2065,30.0
1.41999e+09,54.0733,30.0
1.41999e+09,54.0713,30.0
1.41999e+09,53.8929,30.0
1.42e+09,53.9844,30.0
1.42e+09,53.9691,30.0
1.42e+09,53.8565,30.0
1.42e+09,53.7089,30.0
1.42e+09,53.848,30.0
1.42001e+09,53.706,30.0
1.42001e+09,53.6719,30.0
1.42001e+09,53.6831,30.0
1.42001e+09,53.7824,30.0
1.42001e+09,53.7746,30.0
1.42001e+09,53.6942,30.0
1.42002e+09,53.6521,30.0
1.42002e+09,53.5238,30.0
1.42002e+09,53.571,30.0
1.42002e+09,53.7556,30.0
1.42002e+09,53.5349,30.0
1.42003e+09,53.7001,30.0
1.42003e+09,53.7955,30.0
1.42003e+09,53.732,30.0
1.42003e+09,53.7665,30.0
1.42003e+09,53.9895,30.0
1.42003e+09,53.8543,30.0
1.42004e+09,53.8913,30.0
1.42004e+09,53.9242,30.0
1.42004e+09,53.9012,30.0
1.42004e+09,53.9199,30.0
1.42004e+09,54.0154,30.0
1.42005e+09,54.0492,30.0
1.42005e+09,54.0471,30.0
1.42005e+09,54.1654,30.0
1.42005e+09,54.1526,30.0
1.42005e+09,54.2287,30.0
1.42005e+09,54.1322,30.0
1.42006e+09,54.1075,30.0
1.42006e+09,54.1046,30.0
1.42006e+09,54.1621,30.0
1.42006e+09,54.3459,30.0
1.42006e+09,54.2112,30.0
1.42006e+09,54.0926,30.0
1.42007e+09,54.0966,30.0
1.42007e+09,54.1116,30.0
1.42007e+09,54.1423,30.0
1.42007e+09,54.0625,30.0
1.42007e+09,54.0374,30.0
1.42008e+09,54.1097,30.0
1.42008e+09,54.0526,30.0
1.42008e+09,54.0389,30.0
1.42008e+09,54.0376,30.0
1.42008e+09,54.165,30.0
1.42008e+09,54.119,30.0
1.42009e+09,54.1162,30.0
1.42009e+09,54.0578,30.0
1.42009e+09,54.1038,30.0
1.42009e+09,53.977,30.0
1.42009e+09,54.1237,30.0
1.4201e+09,54.1027,30.0
1.4201e+09,54.0628,30.0
1.4201e+09,54.0467,30.0
1.4201e+09,54.2348,30.0
1.4201e+09,54.2183,30.0
1.4201e+09,54.2334,30.0
1.42011e+09,54.505,30.0
1.42011e+09,54.5921,30.0
1.42011e+09,54.4947,30.0
1.42011e+09,54.536,30.0
1.42011e+09,54.5765,30.0
1.42012e+09,54.4199,30.0
1.42012e+09,54.6213,30.0
1.42012e+09,54.6466,30.0
1.42012e+09,54.6101,30.0
1.42012e+09,54.6134,30.0
1.42012e+09,54.6427,30.0
1.42013e+09,54.7668,30.0
1.42013e+09,54.7755,30.0
1.42013e+09,54.7753,30.0
1.42013e+09,54.9037,30.0
1.42013e+09,54.979,30.0
1.42014e+09,54.9372,30.0
1.42014e+09,54.823,30.0
1.42014e+09,54.8159,30.0
1.42014e+09,54.681,30.0
1.42014e+09,54.5989,30.0
1.42014e+09,54.5907,30.0
1.42015e+09,54.7084,30.0
1.42015e+09,54.6287,30.0
1.42015e+09,54.6256,30.0
1.42015e+09,54.5245,30.0
1.42015e+09,54.5044,30.0
1.42015e+09,54.432,30.0
1.42016e+09,54.5626,30.0
1.42016e+09,54.6269,30.0
1.42016e+09,54.6886,30.0
1.42016e+09,54.5495,30.0
1.42016e+09,54.6664,30.0
1.42017e+09,54.6108,30.0
1.42017e+09,54.6236,30.0
1.42017e+09,54.69,30.0
1.42017e+09,54.7401,30.0
1.42017e+09,54.8725,30.0
1.42017e+09,54.9123,30.0
1.42018e+09,54.7393,30.0
1.42018e+09,54.7393,30.0
1.42018e+09,54.7454,30.0
1.42018e+09,54.7773,30.0
1.42018e+09,54.6963,30.0
1.42019e+09,54.6832,30.0
1.42019e+09,54.8852,30.0
1.42019e+09,54.9925,30.0
1.42019e+09,54.8938,30.0
1.42019e+09,54.9641,30.0
1.42019e+09,55.0136,30.0
1.4202e+09,54.9807,30.0
1.4202e+09,55.1984,30.0
1.4202e+09,55.1762,30.0
1.4202e+09,55.0877,30.0
1.4202e+09,55.042,30.0
1.42021e+09,55.0289,30.0
1.42021e+09,55.1071,30.0
1.42021e+09,55.0426,30.0
1.42021e+09,54.8993,30.0
1.42021e+09,54.8122,30.0
1.42021e+09,54.8288,30.0
1.42022e+09,54.8597,30.0
1.42022e+09,54.9114,30.0
1.42022e+09,54.9082,30.0
1.42022e+09,54.889,30.0
1.42022e+09,55.0467,30.0
1.42023e+09,55.0572,30.0
1.42023e+09,54.9932,30.0
1.42023e+09,55.0773,30.0
1.42023e+09,55.2244,30.0
1.42023e+09,55.2049,30.0
1.42023e+09,55.1751,30.0
1.42024e+09,55.1544,30.0
1.42024e+09,55.171,30.0
1.42024e+09,55.243,30.0
1.42024e+09,55.2562,30.0
1.42024e+09,55.3003,30.0
1.42024e+09,55.4893,30.0
1.42025e+09,55.5018,30.0
1.42025e+09,55.5892,30.0
1.42025e+09,55.4625,30.0
1.42025e+09,55.4364,30.0
1.42025e+09,55.3861,30.0
1.42026e+09,55.3129,30.0
1.42026e+09,55.2694,30.0
1.42026e+09,55.3053,30.0
1.42026e+09,55.252,30.0
1.42026e+09,55.2142,30.0
1.42026e+09,55.4381,30.0
1.42027e+09,55.4635,30.0
1.42027e+09,55.5749,30.0
1.42027e+09,55.5158,30.0
1.42027e+09,55.5401,30.0
1.42027e+09,55.622,30.0
1.42028e+09,55.4188,30.0
1.42028e+09,55.3916,30.0
1.42028e+09,55.4175,30.0
1.42028e+09,55.3727,30.0
1.42028e+09,55.3647,30.0
1.42028e+09,55.5382,30.0
1.42029e+09,55.5064,30.0
1.42029e+09,55.4463,30.0
1.42029e+09,55.3235,30.0
1.42029e+09,55.2997,30.0
1.42029e+09,55.227,30.0
1.4203e+09,55.1706,30.0
1.4203e+09,55.3097,30.0
1.4203e+09,55.2413,30.0
1.4203e+09,55.012,30.0
1.4203e+09,55.0433,30.0
1.4203e+09,55.1837,30.0
1.42031e+09,55.1455,30.0
1.42031e+09,55.0344,30.0
1.42031e+09,55.0471,30.0
1.42031e+09,54.9139,30.0
1.42031e+09,54.8936,30.0
1.42032e+09,54.918,30.0
1.42032e+09,54.9122,30.0
1.42032e+09,54.9086,30.0
1.42032e+09,54.8964,30.0
1.42032e+09,54.8318,30.0
1.42032e+09,54.6551,30.0
1.42033e+09,54.6732,30.0
1.42033e+09,54.4714,30.0
1.42033e+09,54.5145,30.0
1.42033e+09,54.5268,30.0
1.42033e+09,54.6267,30.0
1.42033e+09,54.537,30.0
1.42034e+09,54.5073,30.0
1.42034e+09,54.5004,30.0
1.42034e+09,54.6982,30.0
1.42034e+09,54.8351,30.0
1.42034e+09,54.9392,30.0
1.42035e+09,54.9104,30.0
1.42035e+09,54.8117,30.0
1.42035e+09,54.8892,30.0
1.42035e+09,55.0124,30.0
1.42035e+09,54.9726,30.0
1.42035e+09,54.934,30.0
1.42036e+09,54.8457,30.0
1.42036e+09,54.8318,30.0
1.42036e+09,54.9303,30.0
1.42036e+09,54.9875,30.0
1.42036e+09,55.0269,30.0
1.42037e+09,55.0293,30.0
1.42037e+09,55.1227,30.0
1.42037e+09,55.087,30.0
1.42037e+09,54.9148,30.0
1.42037e+09,54.9666,30.0
1.42037e+09,54.8637,30.0
1.42038e+09,54.8312,30.0
1.42038e+09,54.6612,30.0
1.42038e+09,54.6337,30.0
1.42038e+09,54.7718,30.0
1.42038e+09,54.857,30.0
1.42039e+09,54.7173,30.0
1.42039e+09,54.5457,30.0
1.42039e+09,54.5261,30.0
1.42039e+09,54.4461,30.0
1.42039e+09,54.5561,30.0
1.42039e+09,54.4966,30.0
1.4204e+09,54.5335,30.0
1.4204e+09,54.4465,30.0
1.4204e+09,54.3831,30.0
1.4204e+09,54.2649,30.0
1.4204e+09,54.3097,30.0
1.42041e+09,54.35,30.0
1.42041e+09,54.2961,30.0
1.42041e+09,54.1327,30.0
1.42041e+09,54.012,30.0
1.42041e+09,54.0166,30.0
1.42041e+09,54.1236,30.0
1.42042e+09,53.9826,30.0
1.42042e+09,53.8829,30.0
1.42042e+09,53.8036,30.0
1.42042e+09,53.744,30.0
1.42042e+09,53.7822,30.0
1.42042e+09,53.7984,30.0
1.42043e+09,53.7568,30.0
1.42043e+09,53.7311,30.0
1.42043e+09,53.6703,30.0
1.42043e+09,53.8162,30.0
1.42043e+09,53.8579,30.0
1.42044e+09,53.8991,30.0
1.42044e+09,53.9365,30.0
1.42044e+09,53.8478,30.0
1.42044e+09,53.7818,30.0
1.42044e+09,53.8027,30.0
1.42044e+09,53.782,30.0
1.42045e+09,53.7326,30.0
1.42045e+09,53.6545,30.0
1.42045e+09,53.6805,30.0
1.42045e+09,53.7351,30.0
1.42045e+09,53.8214,30.0
1.42046e+09,53.8958,30.0
1.42046e+09,53.975,30.0
1.42046e+09,54.1025,30.0
1.42046e+09,53.9713,30.0
1.42046e+09,53.8598,30.0
1.42046e+09,53.7212,30.0
1.42047e+09,53.5618,30.0
1.42047e+09,53.5646,30.0
1.42047e+09,53.5443,30.0
1.42047e+09,53.3921,30.0
1.42047e+09,53.4315,30.0
1.42048e+09,53.3672,30.0
1.42048e+09,53.3908,30.0
1.42048e+09,53.3266,30.0
1.42048e+09,53.3598,30.0
1.42048e+09,53.4025,30.0
1.42048e+09,53.3699,30.0
1.42049e+09,53.3452,30.0
1.42049e+09,53.1471,30.0
1.42049e+09,53.266,30.0
1.42049e+09,53.3104,30.0
1.42049e+09,53.4246,30.0
1.4205e+09,53.4707,30.0
1.4205e+09,53.5775,30.0
1.4205e+09,53.4524,30.0
1.4205e+09,53.3835,30.0
1.4205e+09,53.3864,30.0
1.4205e+09,53.6878,30.0
1.42051e+09,53.7049,30.0
1.42051e+09,53.7275,30.0
1.42051e+09,53.6544,30.0
1.42051e+09,53.4173,30.0
1.42051e+09,53.4364,30.0
1.42051e+09,53.4377,30.0
1.42052e+09,53.5283,30.0
1.42052e+09,53.5384,30.0
1.42052e+09,53.6666,30.0
1.42052e+09,53.7732,30.0
1.42052e+09,53.6362,30.0
1.42053e+09,53.7725,30.0
1.42053e+09,53.8552,30.0
1.42053e+09,53.7802,30.0
1.42053e+09,53.6783,30.0
1.42053e+09,53.6636,30.0
1.42053e+09,53.7992,30.0
1.42054e+09,53.6382,30.0
1.42054e+09,53.5419,30.0
1.42054e+09,53.6216,30.0
1.42054e+09,53.5763,30.0
1.42054e+09,53.5334,30.0
1.42055e+09,53.5751,30.0
1.42055e+09,53.4786,30.0
1.42055e+09,53.5642,30.0
1.42055e+09,53.5818,30.0
1.42055e+09,53.5803,30.0
1.42055e+09,53.591,30.0
1.42056e+09,53.6447,30.0
1.42056e+09,53.7033,30.0
1.42056e+09,53.537,30.0
1.42056e+09,53.5276,30.0
1.42056e+09,53.6489,30.0
1.42057e+09,53.7833,30.0
1.42057e+09,53.7546,30.0
1.42057e+09,53.856,30.0
1.42057e+09,53.7263,30.0
1.42057e+09,53.9265,30.0
1.42057e+09,53.8789,30.0
1.42058e+09,53.8583,30.0
1.42058e+09,53.9421,30.0
1.42058e+09,53.9871,30.0
1.42058e+09,53.8723,30.0
1.42058e+09,53.8424,30.0
1.42059e+09,53.8796,30.0
1.42059e+09,53.9844,30.0
1.42059e+09,54.055,30.0
1.42059e+09,53.9991,30.0
1.42059e+09,53.9798,30.0
1.42059e+09,53.9929,30.0
1.4206e+09,54.1568,30.0
1.4206e+09,54.2284,30.0
1.4206e+09,54.3506,30.0
1.4206e+09,54.3611,30.0
1.4206e+09,54.4457,30.0
1.4206e+09,54.4988,30.0
1.42061e+09,54.4242,30.0
1.42061e+09,54.4646,30.0
1.42061e+09,54.4678,30.0
1.42061e+09,54.5811,30.0
1.42061e+09,54.6778,30.0
1.42062e+09,54.5531,30.0
1.42062e+09,54.4878,30.0
1.42062e+09,54.506,30.0
1.42062e+09,54.4101,30.0
1.42062e+09,54.1746,30.0
1.42062e+09,54.303,30.0
1.42063e+09,54.2369,30.0
1.42063e+09,54.1952,30.0
1.42063e+09,54.0368,30.0
1.42063e+09,53.8716,30.0
1.42063e+09,53.944,30.0
1.42064e+09,53.8681,30.0
1.42064e+09,53.9121,30.0
1.42064e+09,54.008,30.0
1.42064e+09,54.0968,30.0
1.42064e+09,54.1788,30.0
1.42064e+09,54.1836,30.0
1.42065e+09,54.0468,30.0
1.42065e+09,53.9235,30.0
1.42065e+09,53.8908,30.0
1.42065e+09,54.0341,30.0
1.42065e+09,54.0866,30.0
1.42066e+09,54.1255,30.0
1.42066e+09,53.9456,30.0
1.42066e+09,53.964,30.0
1.42066e+09,53.8997,30.0
1.42066e+09,53.7984,30.0
1.42066e+09,53.802,30.0
1.42067e+09,53.9583,30.0
1.42067e+09,53.8818,30.0
1.42067e+09,53.7814,30.0
1.42067e+09,53.8071,30.0
1.42067e+09,53.9204,30.0
1.42068e+09,53.8007,30.0
1.42068e+09,53.7147,30.0
1.42068e+09,53.6467,30.0
1.42068e+09,53.4904,30.0
1.42068e+09,53.5045,30.0
1.42068e+09,53.4943,30.0
1.42069e+09,53.451,30.0
1.42069e+09,53.5444,30.0
1.42069e+09,53.5296,30.0
1.42069e+09,53.6848,30.0
1.42069e+09,53.529,30.0
1.42069e+09,53.6587,30.0
1.4207e+09,53.5921,30.0
1.4207e+09,53.6543,30.0
1.4207e+09,53.6097,30.0
1.4207e+09,53.643,30.0
1.4207e+09,53.7046,30.0
1.42071e+09,53.7654,30.0
1.42071e+09,53.8082,30.0
1.42071e+09,53.8158,30.0
1.42071e+09,53.6688,30.0
1.42071e+09,53.5474,30.0
1.42071e+09,53.5212,30.0
1.42072e+09,53.6976,30.0
1.42072e+09,53.791,30.0
1.42072e+09,53.7634,30.0
1.42072e+09,53.6484,30.0
1.42072e+09,53.7695,30.0
1.42073e+09,53.724,30.0
1.42073e+09,53.7756,30.0
1.42073e+09,53.7564,30.0
1.42073e+09,53.7678,30.0
1.42073e+09,53.8595,30.0
1.42073e+09,53.7942,30.0
1.42074e+09,53.8842,30.0
1.42074e+09,54.0074,30.0
1.42074e+09,53.9567,30.0
1.42074e+09,53.9881,30.0
1.42074e+09,53.7856,30.0
1.42075e+09,53.7996,30.0
1.42075e+09,53.8527,30.0
1.42075e+09,53.6896,30.0
1.42075e+09,53.4864,30.0
1.42075e+09,53.6301,30.0
1.42075e+09,53.5264,30.0
1.42076e+09,53.4235,30.0
1.42076e+09,53.3096,30.0
1.42076e+09,53.3674,30.0
1.42076e+09,53.2079,30.0
1.42076e+09,53.2477,30.0
1.42077e+09,53.2232,30.0
1.42077e+09,53.3648,30.0
1.42077e+09,53.3921,30.0
1.42077e+09,53.4015,30.0
1.42077e+09,53.4584,30.0
1.42077e+09,53.5789,30.0
1.42078e+09,53.4562,30.0
1.42078e+09,53.5108,30.0
1.42078e+09,53.5181,30.0
1.42078e+09,53.6367,30.0
1.42078e+09,53.6318,30.0
1.42078e+09,53.6107,30.0
1.42079e+09,53.6054,30.0
1.42079e+09,53.5916,30.0
1.42079e+09,53.5642,30.0
1.42079e+09,53.6213,30.0
1.42079e+09,53.5783,30.0
1.4208e+09,53.6179,30.0
1.4208e+09,53.7757,30.0
1.4208e+09,53.7301,30.0
1.4208e+09,53.6579,30.0
1.4208e+09,53.5391,30.0
1.4208e+09,53.4416,30.0
1.42081e+09,53.4043,30.0
1.42081e+09,53.2933,30.0
1.42081e+09,53.2413,30.0
1.42081e+09,53.2757,30.0
1.42081e+09,53.2281,30.0
1.42082e+09,53.3748,30.0
1.42082e+09,53.3955,30.0
1.42082e+09,53.4021,30.0
1.42082e+09,53.3032,30.0
1.42082e+09,53.3671,30.0
1.42082e+09,53.2573,30.0
1.42083e+09,53.1275,30.0
1.42083e+09,53.2605,30.0
1.42083e+09,53.3337,30.0
1.42083e+09,53.41,30.0
1.42083e+09,53.2909,30.0
1.42084e+09,53.3831,30.0
1.42084e+09,53.3113,30.0
1.42084e+09,53.2781,30.0
1.42084e+09,53.188,30.0
1.42084e+09,53.2215,30.0
1.42084e+09,52.9806,30.0
1.42085e+09,52.916,30.0
1.42085e+09,52.8399,30.0
1.42085e+09,52.8567,30.0
1.42085e+09,52.8877,30.0
1.42085e+09,52.9461,30.0
1.42086e+09,52.9591,30.0
1.42086e+09,53.0703,30.0
1.42086e+09,53.1099,30.0
1.42086e+09,53.2195,30.0
1.42086e+09,53.1175,30.0
1.42086e+09,53.2464,30.0
1.42087e+09,53.1784,30.0
1.42087e+09,53.2824,30.0
1.42087e+09,53.4577,30.0
1.42087e+09,53.4129,30.0
1.42087e+09,53.3401,30.0
1.42087e+09,53.2039,30.0
1.42088e+09,53.2243,30.0
1.42088e+09,53.2208,30.0
1.42088e+09,53.3138,30.0
1.42088e+09,53.1941,30.0
1.42088e+09,53.2338,30.0
1.42089e+09,53.1463,30.0
1.42089e+09,52.918,30.0
1.42089e+09,52.788,30.0
1.42089e+09,52.725,30.0
1.42089e+09,52.7485,30.0
1.42089e+09,52.7237,30.0
1.4209e+09,52.9675,30.0
1.4209e+09,53.0535,30.0
1.4209e+09,53.1768,30.0
1.4209e+09,53.1106,30.0
1.4209e+09,53.0207,30.0
1.42091e+09,53.026,30.0
1.42091e+09,52.9033,30.0
1.42091e+09,52.8962,30.0
1.42091e+09,52.8975,30.0
1.42091e+09,52.9004,30.0
1.42091e+09,52.9251,30.0
1.42092e+09,52.8163,30.0
1.42092e+09,52.8793,30.0
1.42092e+09,52.8723,30.0
1.42092e+09,52.8189,30.0
1.42092e+09,52.8413,30.0
1.42093e+09,52.8809,30.0
1.42093e+09,52.8136,30.0
1.42093e+09,52.9613,30.0
1.42093e+09,52.9001,30.0
1.42093e+09,53.0205,30.0
1.42093e+09,53.0182,30.0
1.42094e+09,52.8957,30.0
1.42094e+09,52.8705,30.0
1.42094e+09,52.9696,30.0
1.42094e+09,53.0071,30.0
1.42094e+09,53.1359,30.0
1.42095e+09,52.9918,30.0
1.42095e+09,53.055,30.0
1.42095e+09,52.9934,30.0
1.42095e+09,52.95,30.0
1.42095e+09,52.8984,30.0
1.42095e+09,53.0324,30.0
1.42096e+09,53.0083,30.0
1.42096e+09,52.8545,30.0
1.42096e+09,52.9004,30.0
1.42096e+09,53.0758,30.0
1.42096e+09,53.1563,30.0
1.42096e+09,53.1709,30.0
1.42097e+09,53.2736,30.0
1.42097e+09,53.2484,30.0
1.42097e+09,53.3974,30.0
1.42097e+09,53.2848,30.0
1.42097e+09,53.1957,30.0
1.42098e+09,53.2361,30.0
1.42098e+09,53.3528,30.0
1.42098e+09,53.3426,30.0
1.42098e+09,53.4287,30.0
1.42098e+09,53.4944,30.0
1.42098e+09,53.3942,30.0
1.42099e+09,53.4754,30.0
1.42099e+09,53.5677,30.0
1.42099e+09,53.518,30.0
1.42099e+09,53.6036,30.0
1.42099e+09,53.6738,30.0
1.421e+09,53.7146,30.0
1.421e+09,53.6308,30.0
1.421e+09,53.6037,30.0
1.421e+09,53.5504,30.0
1.421e+09,53.5694,30.0
1.421e+09,53.526,30.0
1.42101e+09,53.5223,30.0
1.42101e+09,53.6191,30.0
1.42101e+09,53.4626,30.0
1.42101e+09,53.4126,30.0
1.42101e+09,53.3462,30.0
1.42102e+09,53.3167,30.0
1.42102e+09,53.2494,30.0
1.42102e+09,53.1466,30.0
1.42102e+09,53.1419,30.0
1.42102e+09,53.1647,30.0
1.42102e+09,52.9483,30.0
1.42103e+09,53.0159,30.0
1.42103e+09,52.9496,30.0
1.42103e+09,52.9851,30.0
1.42103e+09,53.0642,30.0
1.42103e+09,52.943,30.0
1.42104e+09,52.9096,30.0
1.42104e+09,52.8622,30.0
1.42104e+09,52.7577,30.0
1.42104e+09,52.7495,30.0
1.42104e+09,52.7125,30.0
1.42104e+09,52.7251,30.0
1.42105e+09,52.6703,30.0
1.42105e+09,52.8264,30.0
1.42105e+09,52.7382,30.0
1.42105e+09,52.6524,30.0
1.42105e+09,52.6609,30.0
1.42105e+09,52.56,30.0
1.42106e+09,52.5156,30.0
1.42106e+09,52.45,30.0
1.42106e+09,52.5046,30.0
1.42106e+09,52.4719,30.0
1.42106e+09,52.5275,30.0
1.42107e+09,52.4776,30.0
1.42107e+09,52.5583,30.0
1.42107e+09,52.5013,30.0
1.42107e+09,52.4619,30.0
1.42107e+09,52.6314,30.0
1.42107e+09,52.6674,30.0
1.42108e+09,52.5281,30.0
1.42108e+09,52.5498,30.0
1.42108e+09,52.5275,30.0
1.42108e+09,52.5175,30.0
1.42108e+09,52.3821,30.0
1.42109e+09,52.5056,30.0
1.42109e+09,52.4873,30.0
1.42109e+09,52.4432,30.0
1.42109e+09,52.4479,30.0
1.42109e+09,52.5423,30.0
1.42109e+09,52.7175,30.0
1.4211e+09,52.6785,30.0
1.4211e+09,52.6609,30.0
1.4211e+09,52.6675,30.0
1.4211e+09,52.7603,30.0
1.4211e+09,52.8091,30.0
1.42111e+09,52.9002,30.0
1.42111e+09,52.8962,30.0
1.42111e+09,52.8526,30.0
1.42111e+09,52.8804,30.0
1.42111e+09,53.0211,30.0
1.42111e+09,53.1012,30.0
1.42112e+09,53.1747,30.0
1.42112e+09,53.1832,30.0
1.42112e+09,53.1856,30.0
1.42112e+09,53.2863,30.0
1.42112e+09,53.375,30.0
1.42113e+09,53.4761,30.0
1.42113e+09,53.6136,30.0
1.42113e+09,53.6874,30.0
1.42113e+09,53.6104,30.0
1.42113e+09,53.6604,30.0
1.42113e+09,53.4038,30.0
1.42114e+09,53.2984,30.0
1.42114e+09,53.4012,30.0
1.42114e+09,53.4807,30.0
1.42114e+09,53.4054,30.0
1.42114e+09,53.398,30.0
1.42114e+09,53.4543,30.0
1.42115e+09,53.6885,30.0
1.42115e+09,53.6112,30.0
1.42115e+09,53.8002,30.0
1.42115e+09,53.9217,30.0
1.42115e+09,53.8422,30.0
1.42116e+09,53.9035,30.0
1.42116e+09,53.9688,30.0
1.42116e+09,54.137,30.0
1.42116e+09,54.1823,30.0
1.42116e+09,54.1859,30.0
1.42116e+09,54.106,30.0
1.42117e+09,54.1624,30.0
1.42117e+09,54.1539,30.0
1.42117e+09,54.2207,30.0
1.42117e+09,54.323,30.0
1.42117e+09,54.3789,30.0
1.42118e+09,54.5085,30.0
1.42118e+09,54.5638,30.0
1.42118e+09,54.5383,30.0
1.42118e+09,54.4449,30.0
1.42118e+09,54.4163,30.0
1.42118e+09,54.302,30.0
1.42119e+09,54.4481,30.0
1.42119e+09,54.4123,30.0
1.42119e+09,54.1988,30.0
1.42119e+09,54.1196,30.0
1.42119e+09,54.1245,30.0
1.4212e+09,54.0859,30.0
1.4212e+09,54.0444,30.0
1.4212e+09,54.2138,30.0
1.4212e+09,54.1454,30.0
1.4212e+09,54.0533,30.0
1.4212e+09,54.1825,30.0
1.42121e+09,54.0762,30.0
1.42121e+09,54.0951,30.0
1.42121e+09,54.1196,30.0
1.42121e+09,54.1827,30.0
1.42121e+09,54.1765,30.0
1.42122e+09,54.2271,30.0
1.42122e+09,54.1266,30.0
1.42122e+09,54.0773,30.0
1.42122e+09,53.9978,30.0
1.42122e+09,53.982,30.0
1.42122e+09,53.9112,30.0
1.42123e+09,53.9581,30.0
1.42123e+09,53.7722,30.0
1.42123e+09,53.6731,30.0
1.42123e+09,53.6607,30.0
1.42123e+09,53.745,30.0
1.42123e+09,53.7367,30.0
1.42124e+09,53.7526,30.0
1.42124e+09,53.7114,30.0
1.42124e+09,53.7526,30.0
1.42124e+09,53.853,30.0
1.42124e+09,53.961,30.0
1.42125e+09,53.8909,30.0
1.42125e+09,53.7822,30.0
1.42125e+09,53.7433,30.0
1.42125e+09,53.4891,30.0
1.42125e+09,53.5268,30.0
1.42125e+09,53.4632,30.0
1.42126e+09,53.5292,30.0
1.42126e+09,53.5815,30.0
1.42126e+09,53.5606,30.0
1.42126e+09,53.5274,30.0
1.42126e+09,53.5304,30.0
1.42127e+09,53.4477,30.0
1.42127e+09,53.3729,30.0
1.42127e+09,53.4748,30.0
1.42127e+09,53.4326,30.0
1.42127e+09,53.457,30.0
1.42127e+09,53.4279,30.0
1.42128e+09,53.4187,30.0
1.42128e+09,53.4974,30.0
1.42128e+09,53.5152,30.0
1.42128e+09,53.3541,30.0
1.42128e+09,53.3922,30.0
1.42129e+09,53.2583,30.0
1.42129e+09,53.2511,30.0
1.42129e+09,53.2157,30.0
1.42129e+09,53.0762,30.0
1.42129e+09,53.0795,30.0
1.42129e+09,53.0595,30.0
1.4213e+09,53.1161,30.0
1.4213e+09,53.1089,30.0
1.4213e+09,53.1422,30.0
1.4213e+09,53.1337,30.0
1.4213e+09,53.2506,30.0
1.42131e+09,53.3167,30.0
1.42131e+09,53.4226,30.0
1.42131e+09,53.4312,30.0
1.42131e+09,53.5234,30.0
1.42131e+09,53.6491,30.0
1.42131e+09,53.2821,30.0
1.42132e+09,53.0824,30.0
1.42132e+09,53.1097,30.0
1.42132e+09,53.2554,30.0
1.42132e+09,53.168,30.0
1.42132e+09,53.1218,30.0
1.42132e+09,53.3105,30.0
1.42133e+09,53.3275,30.0
1.42133e+09,53.2654,30.0
1.42133e+09,53.3478,30.0
1.42133e+09,53.3247,30.0
1.42133e+09,53.3016,30.0
1.42134e+09,53.2547,30.0
1.42134e+09,53.0708,30.0
1.42134e+09,52.9768,30.0
1.42134e+09,52.917,30.0
1.42134e+09,52.7666,30.0
1.42134e+09,52.6416,30.0
1.42135e+09,52.6665,30.0
1.42135e+09,52.7531,30.0
1.42135e+09,52.6518,30.0
1.42135e+09,52.685,30.0
1.42135e+09,52.8112,30.0
1.42136e+09,52.727,30.0
1.42136e+09,52.8438,30.0
1.42136e+09,52.6297,30.0
1.42136e+09,52.539,30.0
1.42136e+09,52.5691,30.0
1.42136e+09,52.5526,30.0
1.42137e+09,52.6156,30.0
1.42137e+09,52.5129,30.0
1.42137e+09,52.4546,30.0
1.42137e+09,52.5997,30.0
1.42137e+09,52.5868,30.0
1.42138e+09,52.5312,30.0
1.42138e+09,52.4314,30.0
1.42138e+09,52.4328,30.0
1.42138e+09,52.37,30.0
1.42138e+09,52.5326,30.0
1.42138e+09,52.6074,30.0
1.42139e+09,52.5761,30.0
1.42139e+09,52.6792,30.0
1.42139e+09,52.7444,30.0
1.42139e+09,52.9436,30.0
1.42139e+09,52.8136,30.0
1.4214e+09,52.8172,30.0
1.4214e+09,52.9131,30.0
1.4214e+09,52.7784,30.0
1.4214e+09,52.8041,30.0
1.4214e+09,52.7271,30.0
1.4214e+09,52.692,30.0
1.42141e+09,52.7498,30.0
1.42141e+09,52.8481,30.0
1.42141e+09,52.9556,30.0
1.42141e+09,52.9101,30.0
1.42141e+09,52.9108,30.0
1.42141e+09,52.8833,30.0
1.42142e+09,52.6704,30.0
1.42142e+09,52.8611,30.0
1.42142e+09,52.8902,30.0
1.42142e+09,52.9896,30.0
1.42142e+09,53.1093,30.0
1.42143e+09,53.1485,30.0
1.42143e+09,53.1355,30.0
1.42143e+09,53.0572,30.0
1.42143e+09,53.1066,30.0
1.42143e+09,53.1807,30.0
1.42143e+09,53.2391,30.0
1.42144e+09,53.4894,30.0
1.42144e+09,53.4285,30.0
1.42144e+09,53.448,30.0
1.42144e+09,53.502,30.0
1.42144e+09,53.4011,30.0
1.42145e+09,53.4293,30.0
1.42145e+09,53.292,30.0
1.42145e+09,53.4798,30.0
1.42145e+09,53.4856,30.0
1.42145e+09,53.5955,30.0
1.42145e+09,53.8008,30.0
1.42146e+09,53.8546,30.0
1.42146e+09,53.7025,30.0
1.42146e+09,53.75,30.0
1.42146e+09,53.8334,30.0
1.42146e+09,53.898,30.0
1.42147e+09,53.9375,30.0
1.42147e+09,53.9652,30.0
1.42147e+09,53.9806,30.0
1.42147e+09,53.9352,30.0
1.42147e+09,53.855,30.0
1.42147e+09,53.8235,30.0
1.42148e+09,53.6217,30.0
1.42148e+09,53.6446,30.0
1.42148e+09,53.6643,30.0
1.42148e+09,53.8587,30.0
1.42148e+09,53.851,30.0
1.42149e+09,53.908,30.0
1.42149e+09,54.0262,30.0
1.42149e+09,54.1543,30.0
1.42149e+09,54.0947,30.0
1.42149e+09,54.1018,30.0
1.42149e+09,54.1948,30.0
1.4215e+09,54.1412,30.0
1.4215e+09,54.2829,30.0
1.4215e+09,54.3236,30.0
1.4215e+09,54.4741,30.0
1.4215e+09,54.4768,30.0
1.4215e+09,54.3564,30.0
1.42151e+09,54.5306,30.0
1.42151e+09,54.6242,30.0
1.42151e+09,54.6426,30.0
1.42151e+09,54.4875,30.0
1.42151e+09,54.5359,30.0
1.42152e+09,54.5034,30.0
1.42152e+09,54.5483,30.0
1.42152e+09,54.6563,30.0
1.42152e+09,54.5724,30.0
1.42152e+09,54.7119,30.0
1.42152e+09,54.8892,30.0
1.42153e+09,55.0047,30.0
1.42153e+09,54.9715,30.0
1.42153e+09,55.0234,30.0
1.42153e+09,55.0836,30.0
1.42153e+09,54.9361,30.0
1.42154e+09,54.7739,30.0
1.42154e+09,54.7326,30.0
1.42154e+09,54.6878,30.0
1.42154e+09,54.6965,30.0
1.42154e+09,54.6726,30.0
1.42154e+09,54.6563,30.0
1.42155e+09,54.621,30.0
1.42155e+09,54.6391,30.0
1.42155e+09,54.5209,30.0
1.42155e+09,54.4332,30.0
1.42155e+09,54.4837,30.0
1.42156e+09,54.5643,30.0
1.42156e+09,54.5266,30.0
1.42156e+09,54.4751,30.0
1.42156e+09,54.5767,30.0
1.42156e+09,54.5811,30.0
1.42156e+09,54.5856,30.0
1.42157e+09,54.5272,30.0
1.42157e+09,54.4517,30.0
1.42157e+09,54.6167,30.0
1.42157e+09,54.5487,30.0
1.42157e+09,54.3901,30.0
1.42158e+09,54.4279,30.0
1.42158e+09,54.4347,30.0
1.42158e+09,54.396,30.0
1.42158e+09,54.4077,30.0
1.42158e+09,54.2958,30.0
1.42158e+09,54.3675,30.0
1.42159e+09,54.1491,30.0
1.42159e+09,54.2296,30.0
1.42159e+09,54.3005,30.0
1.42159e+09,54.214,30.0
1.42159e+09,54.1921,30.0
1.42159e+09,54.1026,30.0
1.4216e+09,54.0906,30.0
1.4216e+09,54.2071,30.0
1.4216e+09,54.2783,30.0
1.4216e+09,54.1954,30.0
1.4216e+09,54.0364,30.0
1.42161e+09,53.8743,30.0
1.42161e+09,53.9723,30.0
1.42161e+09,53.876,30.0
1.42161e+09,53.8704,30.0
1.42161e+09,53.7925,30.0
1.42161e+09,53.8843,30.0
1.42162e+09,54.1164,30.0
1.42162e+09,53.9936,30.0
1.42162e+09,54.0044,30.0
1.42162e+09,54.0254,30.0
1.42162e+09,53.8496,30.0
1.42163e+09,53.8734,30.0
1.42163e+09,53.7409,30.0
1.42163e+09,53.8896,30.0
1.42163e+09,53.8516,30.0
1.42163e+09,53.8995,30.0
1.42163e+09,53.9235,30.0
1.42164e+09,53.9722,30.0
1.42164e+09,54.0186,30.0
1.42164e+09,54.0487,30.0
1.42164e+09,54.3009,30.0
1.42164e+09,54.1561,30.0
1.42165e+09,54.1041,30.0
1.42165e+09,54.0301,30.0
1.42165e+09,54.0281,30.0
1.42165e+09,54.0302,30.0
1.42165e+09,54.1261,30.0
1.42165e+09,54.0837,30.0
1.42166e+09,54.0419,30.0
1.42166e+09,54.0132,30.0
1.42166e+09,54.1506,30.0
1.42166e+09,54.1629,30.0
1.42166e+09,54.178,30.0
1.42167e+09,54.3026,30.0
1.42167e+09,54.1482,30.0
1.42167e+09,54.1502,30.0
1.42167e+09,54.1816,30.0
1.42167e+09,54.3417,30.0
1.42167e+09,54.3933,30.0
1.42168e+09,54.4019,30.0
1.42168e+09,54.539,30.0
1.42168e+09,54.5272,30.0
1.42168e+09,54.6006,30.0
1.42168e+09,54.6124,30.0
1.42168e+09,54.5134,30.0
1.42169e+09,54.5536,30.0
1.42169e+09,54.4948,30.0
1.42169e+09,54.5007,30.0
1.42169e+09,54.4102,30.0
1.42169e+09,54.2851,30.0
1.4217e+09,53.9751,30.0
1.4217e+09,53.8719,30.0
1.4217e+09,53.9565,30.0
1.4217e+09,53.9938,30.0
1.4217e+09,53.9441,30.0
1.4217e+09,53.8137,30.0
1.42171e+09,53.9199,30.0
1.42171e+09,53.9351,30.0
1.42171e+09,53.935,30.0
1.42171e+09,53.9438,30.0
1.42171e+09,53.9711,30.0
1.42172e+09,54.0306,30.0
1.42172e+09,54.0613,30.0
1.42172e+09,54.0061,30.0
1.42172e+09,53.8997,30.0
1.42172e+09,54.0549,30.0
1.42172e+09,53.9799,30.0
1.42173e+09,53.8132,30.0
1.42173e+09,53.8775,30.0
1.42173e+09,53.8591,30.0
1.42173e+09,53.7773,30.0
1.42173e+09,53.8126,30.0
1.42174e+09,53.6205,30.0
1.42174e+09,53.6919,30.0
1.42174e+09,53.5623,30.0
1.42174e+09,53.5985,30.0
1.42174e+09,53.7325,30.0
1.42174e+09,53.8593,30.0
1.42175e+09,53.8155,30.0
1.42175e+09,53.9032,30.0
1.42175e+09,53.8482,30.0
1.42175e+09,53.7795,30.0
1.42175e+09,53.7328,30.0
1.42176e+09,53.5978,30.0
1.42176e+09,53.5527,30.0
1.42176e+09,53.5156,30.0
1.42176e+09,53.2516,30.0
1.42176e+09,53.1756,30.0
1.42176e+09,53.1397,30.0
1.42177e+09,53.1074,30.0
1.42177e+09,53.1188,30.0
1.42177e+09,53.0074,30.0
1.42177e+09,53.0021,30.0
1.42177e+09,52.9554,30.0
1.42177e+09,52.9775,30.0
1.42178e+09,52.957,30.0
1.42178e+09,53.1197,30.0
1.42178e+09,53.0491,30.0
1.42178e+09,53.1836,30.0
1.42178e+09,53.1233,30.0
1.42179e+09,53.0205,30.0
1.42179e+09,53.0023,30.0
1.42179e+09,52.9815,30.0
1.42179e+09,52.9411,30.0
1.42179e+09,52.9865,30.0
1.42179e+09,52.8383,30.0
1.4218e+09,52.87,30.0
1.4218e+09,52.8469,30.0
1.4218e+09,52.9987,30.0
1.4218e+09,53.0214,30.0
1.4218e+09,53.2435,30.0
1.42181e+09,53.2408,30.0
1.42181e+09,53.238,30.0
1.42181e+09,53.1572,30.0
1.42181e+09,53.2581,30.0
1.42181e+09,53.2359,30.0
1.42181e+09,53.2916,30.0
1.42182e+09,53.1259,30.0
1.42182e+09,53.1166,30.0
1.42182e+09,53.227,30.0
1.42182e+09,53.1344,30.0
1.42182e+09,53.039,30.0
1.42183e+09,53.0158,30.0
1.42183e+09,53.0225,30.0
1.42183e+09,52.8992,30.0
1.42183e+09,52.9388,30.0
1.42183e+09,52.9666,30.0
1.42183e+09,52.9276,30.0
1.42184e+09,52.8858,30.0
1.42184e+09,52.7973,30.0
1.42184e+09,52.9983,30.0
1.42184e+09,53.0034,30.0
1.42184e+09,52.9399,30.0
1.42185e+09,52.9509,30.0
1.42185e+09,52.912,30.0
1.42185e+09,52.7183,30.0
1.42185e+09,52.8455,30.0
1.42185e+09,52.9922,30.0
1.42185e+09,53.0478,30.0
1.42186e+09,53.1102,30.0
1.42186e+09,53.1242,30.0
1.42186e+09,53.0558,30.0
1.42186e+09,53.0031,30.0
1.42186e+09,52.9444,30.0
1.42186e+09,52.794,30.0
1.42187e+09,52.7005,30.0
1.42187e+09,52.5756,30.0
1.42187e+09,52.5131,30.0
1.42187e+09,52.5568,30.0
1.42187e+09,52.6694,30.0
1.42188e+09,52.5126,30.0
1.42188e+09,52.6521,30.0
1.42188e+09,52.638,30.0
1.42188e+09,52.6182,30.0
1.42188e+09,52.8965,30.0
1.42188e+09,52.8331,30.0
1.42189e+09,52.9101,30.0
1.42189e+09,52.9776,30.0
1.42189e+09,53.0907,30.0
1.42189e+09,52.9584,30.0
1.42189e+09,52.9302,30.0
1.4219e+09,52.8843,30.0
1.4219e+09,52.881,30.0
1.4219e+09,52.9481,30.0
1.4219e+09,52.9212,30.0
1.4219e+09,52.8917,30.0
1.4219e+09,52.9446,30.0
1.42191e+09,52.8613,30.0
1.42191e+09,52.7124,30.0
1.42191e+09,52.706,30.0
